name,type,smiles,orig_name,nC,nH,MW,MS
Methane,alkanes,C,Methane,1,4,16,"12,380 13,1069 14,2042 15,8879 16,9999 17,164"
Ethane,alkanes,CC,Ethane,2,6,30,"2,20 12,40 13,100 14,300 15,440 16,10 24,50 25,350 26,2322 27,3323 28,9999 29,2152 30,2622 31,50"
Propane,alkanes,CCC,Propane,3,8,44,"12,30 13,60 14,220 15,721 16,40 19,70 20,80 21,10 24,10 25,50 26,911 27,4194 28,5875 29,9999 30,220 36,30 37,300 38,530 39,1892 40,280 41,1341 42,601 43,2312 44,2742 45,90"
Butane,alkanes,CCCC,Butane,4,10,58,"12,10 13,20 14,80 15,601 16,10 24,10 25,20 26,581 27,3873 28,3213 29,4334 30,100 37,70 38,190 39,1361 40,190 41,2853 42,1211 43,9999 44,330 45,10 49,20 50,110 51,100 52,30 53,90 54,20 55,100 56,80 57,250 58,1221 59,50"
Isobutane,alkanes,CC(C)C,Isobutane,4,10,58,"12,10 13,20 14,100 15,681 16,20 19,10 20,10 25,10 26,220 27,2783 28,290 29,621 30,10 36,10 37,110 38,260 39,1732 40,270 41,3843 42,3233 43,9999 44,330 45,10 49,20 50,80 51,70 52,20 53,60 54,10 55,50 56,40 57,310 58,260 59,10"
Pentane,alkanes,CCCCC,Pentane,5,12,72,"14,10 15,90 25,10 26,210 27,1890 28,280 29,1360 30,30 37,80 38,210 39,1930 40,320 41,5759 42,6119 43,9999 44,380 49,20 50,130 51,160 52,50 53,210 54,60 55,540 56,410 57,1990 58,90 61,20 62,30 63,30 65,20 67,10 69,10 70,10 71,80 72,1290 73,70"
"Butane, 2-methyl-",alkanes,CCC(C)C,"Butane, 2-methyl-",5,12,72,"2,68 12,44 13,70 14,250 15,1758 16,75 25,33 26,663 27,5134 28,906 29,4675 30,110 39,3060 40,459 41,7591 42,8194 43,9999 44,448 50,215 51,244 52,70 53,294 54,66 55,588 56,1692 57,5714 58,263 70,14 71,192 72,555 73,29"
Hexane,alkanes,CCCCCC,n-Hexane,6,14,86,"2,10 12,10 13,10 14,60 15,581 16,20 26,390 27,4544 28,1071 29,6065 30,130 32,10 39,1972 40,320 41,7016 42,4094 43,8127 44,270 53,170 54,60 55,661 56,4534 57,9999 58,440 69,30 70,70 71,500 72,30 84,10 85,40 86,1551 87,100"
"Pentane, 2-methyl-",alkanes,CCCC(C)C,"Pentane, 2-methyl-",6,14,86,"2,10 12,10 13,10 14,50 15,480 16,20 26,160 27,2342 28,270 29,1601 30,40 32,10 39,1341 40,230 41,2903 42,5405 43,9999 44,320 53,110 54,30 55,500 56,420 57,1011 58,40 69,50 70,641 71,2672 72,140 84,10 85,70 86,330 87,20"
"Butane, 2,3-dimethyl-",alkanes,CC(C)C(C)C,"Butane, 2,3-dimethyl-",6,14,86,"14,10 15,130 16,10 26,80 27,1260 28,40 29,550 30,10 37,50 38,170 39,2040 40,340 41,4510 42,8259 43,9999 44,390 49,10 50,120 51,200 52,70 53,410 54,80 55,1160 56,210 57,90 61,10 62,20 63,30 65,40 66,10 67,60 68,10 69,120 70,170 71,3340 72,200 73,10 85,170 86,700 87,50"
Heptane,alkanes,CCCCCCC,Heptane,7,16,100,"2,69 12,5 13,18 14,90 15,670 16,20 25,15 26,438 27,4587 28,957 29,4854 30,115 39,2292 40,395 41,5635 42,2561 43,9999 44,347 45,7 50,71 51,125 52,48 53,238 54,83 55,1192 56,2651 57,4745 58,217 62,13 63,23 65,27 66,10 67,36 68,7 69,78 70,1785 71,4516 72,258 84,20 85,204 86,16 100,1261 101,96"
"Hexane, 2-methyl-",alkanes,CCCCC(C)C,"Hexane, 2-methyl-",7,16,100,"15,80 26,60 27,1139 28,90 29,1459 30,30 37,10 38,50 39,749 40,139 41,3049 42,3519 43,9999 44,319 50,30 51,50 52,20 53,119 54,30 55,509 56,2099 57,2929 58,129 59,20 63,10 65,10 67,30 69,109 70,159 71,219 72,10 77,10 78,10 84,499 85,3699 86,259 99,10 100,299 101,20"
Octane,alkanes,CCCCCCCC,Octane,8,18,114,"15,90 26,119 27,2009 28,389 29,2739 30,60 37,10 38,50 39,1229 40,209 41,4379 42,1529 43,9999 44,319 50,40 51,70 52,30 53,189 54,80 55,1139 56,1839 57,3349 58,149 62,10 63,20 65,20 67,40 68,10 69,159 70,1209 71,2039 72,99 83,10 84,709 85,2649 86,179 114,599 115,60"
"Heptane, 2-methyl-",alkanes,CCCCCC(C)C,"Heptane, 2-methyl-",8,18,114,"15,80 26,60 27,1269 28,50 29,1679 30,40 37,10 38,40 39,869 40,169 41,3049 42,3959 43,9999 44,349 50,30 51,60 52,20 53,139 54,60 55,1089 56,799 57,8609 58,409 63,10 65,20 67,40 68,10 69,139 70,1949 71,1499 72,80 83,10 84,70 85,179 86,10 98,409 99,1489 100,129 114,409 115,40"
"Heptane, 3-methyl-",alkanes,CCCCC(C)CC,"Heptane, 3-methyl-",8,18,114,"15,160 17,20 26,150 27,2582 29,3443 30,80 31,70 37,20 39,1712 40,270 41,5845 42,951 43,9999 44,340 50,50 51,120 52,40 53,310 54,110 55,1201 56,4744 57,7186 58,300 63,20 65,30 67,70 68,20 69,510 70,370 71,370 77,20 84,4374 85,5675 86,380 98,90 99,90 114,1041 115,80"
"Heptane, 4-methyl-",alkanes,CCCC(C)CCC,"Heptane, 4-methyl-",8,18,114,"15,92 27,1873 28,492 29,1685 39,2099 40,447 41,4100 42,2134 43,9999 44,377 50,71 51,163 52,64 53,402 54,64 55,2234 56,448 57,1863 58,87 65,77 67,112 70,6825 71,6042 72,347 84,497 85,551 98,139 99,106 114,480 115,54"
"Hexane, 2,5-dimethyl-",alkanes,CC(C)CCC(C)C,"Hexane, 2,5-dimethyl-",8,18,114,"15,41 16,1 25,1 30,20 37,2 38,42 39,1074 40,235 41,3433 42,3099 43,7332 45,7 46,9 47,7 48,5 49,4 50,42 51,98 52,39 53,254 54,86 55,1483 56,991 57,9999 58,368 61,2 62,7 63,17 64,4 65,38 66,15 67,82 68,28 69,197 70,1566 71,2699 72,170 73,6 74,3 75,2 77,26 78,6 79,22 80,3 81,9 82,2 83,23 84,5 85,15 86,6 87,1 91,5 95,2 97,5 98,297 99,3932 100,262 101,10 112,1024 113,109 114,716 115,57 116,2"
"Hexane, 3,3-dimethyl-",alkanes,CCCC(C)(C)CC,"Hexane, 3,3-dimethyl-",8,18,114,"15,136 27,1804 28,659 29,1804 30,42 39,1925 40,395 41,4435 42,42 43,9999 44,425 50,81 51,174 52,74 53,514 54,74 55,1789 56,1060 57,6360 58,277 63,35 65,81 67,155 69,711 70,2970 71,6139 72,345 77,40 84,1614 85,5010 86,329 98,77 99,688 100,62"
Nonane,alkanes,CCCCCCCCC,Nonane,9,20,128,"15,50 26,50 27,1199 28,99 29,2069 30,50 37,10 38,20 39,699 40,119 41,3059 42,1209 43,9999 44,339 50,20 51,40 52,20 53,129 54,80 55,1079 56,1709 57,7619 58,369 65,10 67,40 68,20 69,259 70,1239 71,2239 72,139 77,10 81,10 83,30 84,689 85,2599 86,179 97,20 98,329 99,579 100,40 128,439 129,50"
"Octane, 2-methyl-",alkanes,CCCCCCC(C)C,"Octane, 2-methyl-",9,20,128,"26,100 27,2102 28,400 29,2302 30,100 39,1001 40,200 41,3503 42,2803 43,9999 44,300 51,100 53,200 54,100 55,901 56,1501 57,5105 58,200 69,400 70,200 71,2803 72,100 84,1301 85,1702 86,100 99,100 112,200 113,701 114,100 128,200"
Decane,alkanes,CCCCCCCCCC,Decane,10,22,142,"14,80 15,45 16,50 27,1654 29,2498 30,71 39,1690 41,6395 42,2049 43,8029 44,348 50,46 51,144 52,73 53,539 54,330 55,2484 56,2702 57,9999 58,465 65,109 66,41 67,193 68,132 69,801 70,2000 71,4436 72,227 77,55 79,39 82,48 83,212 84,1278 85,2939 86,189 98,715 99,830 100,78 112,265 113,460 114,42 142,740 143,90"
"Nonane, 2-methyl-",alkanes,CCCCCCCC(C)C,"Nonane, 2-methyl-",10,22,142,"26,120 27,2702 28,500 29,2963 30,60 38,50 39,1361 40,270 41,4264 42,2772 43,9999 44,330 45,10 50,30 51,60 52,30 53,230 54,140 55,1221 56,1702 57,8408 58,370 59,10 62,10 63,10 64,10 65,20 66,10 67,70 68,80 69,480 70,681 71,2873 72,150 73,10 77,20 78,10 79,10 80,10 81,10 82,10 83,90 84,80 85,1561 86,100 87,10 91,10 93,10 96,10 97,30 98,1221 99,891 100,80 101,10 102,10 111,10 112,40 113,50 114,10 126,130 127,540 128,60 129,10 142,140 143,20"
Undecane,alkanes,CCCCCCCCCCC,Undecane,11,24,156,"14,10 15,20 18,20 26,50 27,969 28,70 29,1789 30,30 32,10 38,20 39,579 40,109 41,2739 42,1059 43,8979 44,319 50,10 51,20 52,10 53,129 54,109 55,1169 56,1519 57,9999 58,479 59,10 65,20 67,60 68,50 69,479 70,1199 71,4659 72,279 77,10 79,10 81,10 82,30 83,159 84,769 85,2739 86,179 97,50 98,489 99,519 100,40 105,10 112,209 113,409 114,30 126,90 127,249 128,30 156,389 157,50"
"Decane, 2-methyl-",alkanes,CCCCCCCCC(C)C,"Decane, 2-methyl-",11,24,156,"14,111 15,49 16,62 27,1794 28,179 29,2315 30,55 39,1645 40,507 41,6343 42,2680 43,9759 44,388 51,74 52,48 53,407 54,242 55,2021 56,2211 57,9999 58,465 65,53 67,175 68,152 69,726 70,1188 71,7126 72,400 77,42 79,33 82,217 83,625 84,570 85,2931 86,202 97,110 98,82 99,862 100,71 112,1562 113,1018 114,89 140,93 141,194 156,98"
Dodecane,alkanes,CCCCCCCCCCCC,Dodecane,12,26,170,"15,10 26,30 27,690 29,1370 30,30 38,10 39,740 40,140 41,3800 42,1070 43,6839 44,230 50,10 51,40 52,20 53,260 54,190 55,1870 56,1760 57,9999 58,430 59,10 63,10 65,40 66,10 67,130 68,100 69,660 70,1240 71,5369 72,290 73,10 77,20 79,30 81,20 82,80 83,300 84,760 85,3290 86,210 87,10 91,10 96,20 97,140 98,620 99,590 100,40 111,30 112,420 113,400 114,30 126,200 127,300 128,30 140,80 141,150 142,20 170,530 171,70"
"Undecane, 2-methyl-",alkanes,CCCCCCCCCC(C)C,"Undecane, 2-methyl-",12,26,170,"15,40 26,30 27,1059 28,149 29,1699 30,40 38,20 39,579 40,129 41,3059 42,2069 43,9999 44,349 45,10 50,10 51,30 52,20 53,159 54,119 55,1339 56,1659 57,9149 58,419 60,10 65,20 66,10 67,90 68,119 69,619 70,779 71,5549 72,329 73,30 77,10 79,10 81,20 82,109 83,359 84,499 85,3819 86,259 87,10 96,50 97,329 98,249 99,929 100,70 111,40 112,50 113,369 114,40 125,10 126,819 127,1209 128,149 129,10 135,109 137,99 140,10 141,20 149,10 151,10 154,90 155,539 156,70 170,90 171,10"
Tridecane,alkanes,CCCCCCCCCCCCC,Tridecane,13,28,184,"26,143 27,1071 28,402 29,2343 30,24 37,8 39,387 40,70 41,3417 42,1023 43,9101 44,329 48,7 51,6 53,123 54,117 55,1163 56,1424 57,9999 58,483 59,15 61,28 66,1 67,65 68,77 69,440 70,908 71,5064 72,217 79,1 82,75 83,244 84,497 85,2440 86,123 87,1 96,26 97,111 98,336 99,406 100,15 106,3 111,7 112,187 113,246 114,7 126,68 127,227 128,13 140,15 141,133 154,7 155,40 184,157 185,16"
"Dodecane, 2-methyl-",alkanes,CCCCCCCCCCC(C)C,"Dodecane, 2-methyl-",13,28,184,"24,14 26,119 27,583 28,535 29,2124 32,4 33,32 34,6 35,47 36,55 37,52 39,585 40,106 41,3275 42,1746 43,9999 44,283 45,11 50,18 51,27 53,166 54,139 55,1228 56,1400 57,8628 58,303 59,122 60,56 61,24 67,97 68,157 69,441 70,652 71,4329 72,215 81,32 82,56 83,233 84,242 85,2687 86,157 88,1 93,18 96,2 97,236 98,131 99,722 100,2 103,13 110,18 111,176 112,106 113,220 114,16 125,4 127,144 139,10 140,305 141,623 142,27 167,12 168,23 184,14"
Tetradecane,alkanes,CCCCCCCCCCCCCC,Tetradecane,14,30,198,"14,10 15,20 18,10 26,30 27,689 28,119 29,1639 30,30 31,10 39,419 40,90 41,2619 42,869 43,7409 44,249 51,20 52,10 53,129 54,139 55,1439 56,1439 57,9999 58,479 65,20 66,10 67,109 68,109 69,679 70,1179 71,6439 72,329 77,10 79,10 81,30 82,90 83,369 84,749 85,4239 86,269 95,10 96,40 97,239 98,549 99,799 100,60 110,10 111,80 112,359 113,519 114,40 121,10 125,20 126,249 127,429 128,40 140,159 141,359 142,40 154,80 155,249 156,30 168,40 169,149 170,20 198,509 199,70"
"Tridecane, 2-methyl-",alkanes,CCCCCCCCCCCC(C)C,"Tridecane, 2-methyl-",14,30,198,"27,696 28,104 29,1700 30,39 31,34 32,24 35,21 37,9 39,483 41,2993 42,1701 43,9891 44,18 45,53 53,83 54,102 55,1228 56,1720 57,9999 58,426 59,2 63,2 67,95 68,90 69,685 70,664 71,5241 72,256 81,97 82,107 83,382 84,379 85,3118 86,199 87,9 96,36 97,290 98,176 99,1193 100,79 110,10 111,119 112,95 113,624 114,31 120,15 125,46 126,57 127,244 128,5 140,15 141,118 154,345 155,783 156,86 182,18 183,193 184,17 194,2 198,47"
Ethylene,alkenes,C=C,Ethylene,2,4,28,"2,10 12,50 13,90 14,210 15,30 24,230 25,781 26,5295 27,6236 28,9999 29,230 30,10"
Propene,alkenes,C=CC,Propene,3,6,42,"1,320 2,40 12,90 13,140 14,340 15,550 16,20 19,220 20,180 21,10 24,30 25,180 26,1051 27,3873 28,140 36,180 37,1271 38,1942 39,7257 40,2913 41,9999 42,7036 43,230 44,10"
1-Butene,alkenes,C=CCC,1-Butene,4,8,56,"2,10 15,220 16,10 19,10 20,10 24,10 25,90 26,821 27,2512 28,2702 29,1251 30,40 36,20 37,260 38,430 39,3393 40,641 41,9999 42,330 43,10 48,30 49,160 50,510 51,420 52,130 53,540 54,240 55,1812 56,3883 57,170 58,10"
2-Butene,alkenes,CC=CC,2-Butene,4,8,56,"14,560 15,458 16,269 26,1434 27,3388 28,6072 29,1490 32,1256 37,500 38,731 39,5132 40,1179 41,9999 42,350 49,410 50,1290 51,977 52,264 53,1215 54,438 55,2562 56,5316 57,265"
Isobutene,alkenes,C=C(C)C,"1-Propene, 2-methyl-",4,8,56,"2,20 12,30 13,40 14,150 15,460 16,10 24,10 25,40 26,510 27,2172 28,2182 29,1091 30,60 36,20 37,340 38,631 39,4494 40,1021 41,9999 42,360 43,10 48,20 49,120 50,490 51,450 52,130 53,510 54,230 55,1601 56,4454 57,200 58,10"
1-Pentene,alkenes,C=CCCC,1-Pentene,5,10,70,"14,20 15,129 25,10 26,249 27,1829 28,239 29,2099 30,40 31,50 37,109 38,279 39,2719 40,679 41,4389 42,9999 43,409 44,10 49,30 50,129 51,179 52,60 53,539 54,159 55,6529 56,289 60,10 61,40 62,50 63,40 65,60 66,20 67,139 68,30 69,189 70,3949 71,219"
"2-Butene, 2-methyl-",alkenes,CC=C(C)C,"2-Butene, 2-methyl-",5,10,70,"14,20 15,119 26,179 27,1559 28,209 29,2089 30,40 36,10 37,109 38,239 39,2379 40,379 41,3369 42,3129 43,679 44,20 45,10 49,40 50,229 51,289 52,109 53,939 54,289 55,9999 56,539 57,259 58,20 61,40 62,60 63,60 65,60 66,30 67,319 68,70 69,459 70,4429 71,269 72,30 73,10"
"1-Butene, 2-methyl-",alkenes,C=C(C)CC,2-Methyl-1-butene,5,10,70,"14,20 15,129 25,10 26,159 27,1469 28,189 29,2279 30,60 31,60 37,99 38,269 39,2539 40,399 41,2429 42,3039 43,219 44,20 49,40 50,199 51,229 52,80 53,809 54,239 55,9999 56,459 57,20 61,30 62,40 63,40 65,50 66,20 67,139 68,20 69,299 70,3809 71,209 72,10"
1-Hexene,alkenes,C=CCCCC,1-Hexene,6,12,84,"15,90 26,209 27,3219 28,579 29,1859 30,40 37,80 38,239 39,3089 40,609 41,9509 42,7219 43,5879 44,199 49,20 50,199 51,289 52,119 53,679 54,519 55,6419 56,9999 57,609 58,10 61,10 62,30 63,50 65,80 66,20 67,209 68,40 69,2399 70,139 71,10 74,20 77,40 78,10 79,30 81,20 83,30 84,2919 85,199 86,20"
"1-Butene, 2,3-dimethyl-",alkenes,C=C(C)C(C)C,"1-Butene, 2,3-dimethyl-",6,12,84,"15,80 26,60 27,849 28,80 29,359 37,60 38,159 39,1729 40,359 41,9999 42,889 43,689 44,20 49,10 50,109 51,179 52,70 53,559 54,109 55,909 56,699 57,50 61,10 62,30 63,50 65,90 66,30 67,509 68,99 69,9989 70,559 71,10 77,10 79,10 81,10 83,119 84,3469 85,239"
3-Hexene,alkenes,CCC=CCC,3-Hexene,6,12,84,"26,161 27,1674 28,235 29,1383 30,28 37,84 38,240 39,2780 40,460 41,7285 42,6009 43,1289 44,47 49,30 50,270 51,410 52,159 53,790 54,484 55,9999 56,2395 57,156 61,16 62,50 63,112 64,13 65,172 66,76 67,481 68,107 69,2756 70,161 71,33 74,40 75,29 76,30 77,93 78,33 79,52 81,42 82,19 83,52 84,3978 85,275"
"2-Pentene, 2-methyl-",alkenes,CCC=C(C)C,"2-Pentene, 2-methyl-",6,12,84,"15,80 26,90 27,1159 28,229 29,869 30,20 31,20 32,10 37,60 38,169 39,1929 40,419 41,9999 42,1589 43,789 44,30 45,10 49,20 50,159 51,249 52,99 53,719 54,209 55,2589 56,1529 57,99 58,30 59,70 61,20 62,40 63,70 64,10 65,129 66,50 67,619 68,159 69,9979 70,559 71,40 74,20 77,40 78,10 79,40 81,30 82,20 83,129 84,4259 85,319 86,10"
"1-Pentene, 4-methyl-",alkenes,C=CCC(C)C,"1-Pentene, 4-methyl-",6,12,84,"14,10 15,149 26,109 27,2079 28,119 29,419 31,10 37,80 38,199 39,1999 40,379 41,6819 42,3139 43,9999 44,339 49,10 50,90 51,129 52,50 53,279 54,99 55,879 56,4979 57,229 61,10 62,30 63,40 65,60 66,20 67,229 68,50 69,1689 70,99 77,10 79,10 83,70 84,1169 85,80"
1-Heptene,alkenes,C=CCCCCC,1-Heptene,7,14,98,"15,109 26,199 27,2569 28,489 29,5589 30,119 36,10 37,50 38,179 39,3049 40,489 41,9679 42,5489 43,1589 44,50 49,10 50,149 51,229 52,99 53,649 54,759 55,6759 56,9999 57,3069 58,129 61,10 62,30 63,50 65,80 66,30 67,229 68,359 69,3109 70,4419 71,249 77,40 78,10 79,30 81,30 82,10 83,419 84,30 97,10 98,1379 99,109"
"2-Pentene, 2,3-dimethyl-",alkenes,CCC(C)=C(C)C,"2-Pentene, 2,3-dimethyl-",7,14,98,"14,20 15,219 26,90 27,1409 28,90 29,1279 30,30 31,129 36,20 37,50 38,109 39,1789 40,339 41,6529 42,509 43,1889 44,60 45,90 46,10 49,10 50,129 51,249 52,119 53,759 54,229 55,9999 56,1369 57,459 58,179 59,889 60,30 61,10 62,30 63,60 64,10 65,169 66,70 67,729 68,159 69,2109 70,449 71,99 72,20 73,10 74,20 77,90 78,20 79,149 80,20 81,419 82,90 83,8289 84,569 85,479 86,30 91,10 95,30 96,70 97,90 98,3779 99,409 100,40"
"1-Pentene, 2,4-dimethyl-",alkenes,C=C(C)CC(C)C,"1-Pentene, 2,4-dimethyl-",7,14,98,"15,436 26,195 27,2186 28,240 29,1039 37,92 38,359 39,3420 40,836 41,5538 42,568 43,4545 44,165 50,229 51,362 52,146 53,642 54,92 55,2922 56,9999 57,910 63,84 65,162 66,73 67,405 68,85 69,250 70,1364 71,73 77,113 79,108 81,70 83,864 84,60 98,963 99,66"
"2-Pentene, 4,4-dimethyl-",alkenes,CC=CC(C)(C)C,"2-Pentene, 4,4-dimethyl-",7,14,98,"41,5800 42,500 43,1900 44,100 50,200 51,500 52,200 53,800 54,100 55,9999 56,1000 57,600 62,100 65,400 66,200 67,1000 68,200 69,900 70,500 77,100 79,100 81,200 82,100 83,9000 84,700 98,2400 99,200"
"2-Hexene, 4-methyl",alkenes,CC=CC(C)CC,"4-Methyl-2-hexene,c&t",7,14,98,"14,10 15,70 26,90 27,969 28,60 29,839 30,20 37,30 38,99 39,1289 40,229 41,7159 42,449 43,379 44,10 49,10 50,90 51,169 52,60 53,549 54,149 55,3269 56,1159 57,159 61,10 62,30 63,50 64,10 65,109 66,50 67,529 68,329 69,9999 70,1129 71,50 74,10 77,50 78,10 79,50 80,10 81,99 82,30 83,1019 84,80 97,20 98,2059 99,169"
2-Heptene,alkenes,CC=CCCCC,2-Heptene,7,14,98,"15,99 26,149 27,2149 28,319 29,2019 30,40 31,10 36,10 37,40 38,149 39,2239 40,389 41,8019 42,2149 43,2459 44,90 45,80 49,10 50,129 51,239 52,109 53,759 54,1039 55,8479 56,9999 57,1149 58,70 59,10 61,10 62,30 63,60 64,10 65,109 66,50 67,399 68,359 69,5279 70,1889 71,249 72,30 74,10 77,60 78,10 79,70 80,10 81,139 82,20 83,469 84,40 95,20 96,50 97,109 98,4539 99,369 100,10"
3-Heptene,alkenes,CCC=CCCC,3-Heptene,7,14,98,"15,99 26,139 27,1759 28,229 29,1449 30,50 31,20 37,40 38,139 39,1929 40,359 41,9999 42,1899 43,1469 44,50 45,10 49,10 50,119 51,239 52,99 53,699 54,639 55,5519 56,7919 57,949 58,50 59,20 61,20 62,30 63,60 64,10 65,119 66,50 67,529 68,339 69,5839 70,1559 71,169 72,50 73,10 74,10 77,60 78,10 79,80 80,10 81,139 82,20 83,429 84,30 95,10 96,30 97,70 98,3609 99,289 100,20"
"1-Hexene, 2-methyl-",alkenes,C=C(C)CCCC,"1-Hexene, 2-methyl-",7,14,98,"15,70 26,60 27,1169 28,249 29,889 30,20 37,20 38,70 39,1049 40,289 41,4659 42,559 43,1149 44,40 50,60 51,80 52,40 53,319 54,159 55,1769 56,9999 57,1049 58,40 62,10 63,20 65,30 66,10 67,149 68,60 69,989 70,1239 71,90 77,20 79,30 81,40 83,109 84,20 98,309 99,30"
"1-Pentene, 4,4-dimethyl-",alkenes,C=CCC(C)(C)C,"1-Pentene, 4,4-dimethyl-",7,14,98,"15,80 26,50 27,589 28,40 29,2009 30,40 31,10 37,20 38,80 39,1099 40,169 41,3889 42,199 43,289 44,10 50,60 51,90 52,30 53,209 54,40 55,2869 56,619 57,9999 58,469 59,60 62,10 63,30 65,60 66,20 67,179 68,30 69,60 70,269 71,40 77,30 79,30 81,99 82,50 83,1519 84,109 85,10 95,20 96,10 97,30 98,109 99,40"
1-Octene,alkenes,C=CCCCCCC,1-Octene,8,16,112,"14,10 15,99 26,149 27,2509 28,519 29,3539 30,80 31,70 37,30 38,119 39,2839 40,469 41,8179 42,6609 43,9999 44,329 45,40 46,10 47,10 50,90 51,229 52,99 53,759 54,859 55,9919 56,8659 57,1869 58,80 59,20 60,10 62,20 63,40 64,10 65,109 66,60 67,599 68,719 69,4439 70,8569 71,1249 72,60 73,20 74,10 77,60 78,10 79,60 80,10 81,99 82,619 83,3359 84,2239 85,229 86,10 91,20 95,20 96,10 97,379 98,40 99,10 110,20 111,20 112,1979 113,199 114,20"
"1-Heptene, 4-methyl-",alkenes,C=CCC(C)CCC,"1-Heptene, 4-methyl-",8,16,112,"15,116 27,1621 28,491 29,1377 39,3863 40,744 41,5600 42,1987 43,9999 44,380 50,171 51,360 52,174 53,905 54,433 55,3831 56,956 57,123 63,110 65,275 66,97 67,646 68,395 69,1498 70,7108 71,5093 72,283 77,143 79,110 83,239 84,542 97,65 112,208"
"2-Heptene, 3-methyl-",alkenes,CC=C(C)CCCC,"2-Heptene, 3-methyl-",8,16,112,"27,2094 29,1413 38,104 39,1936 40,366 41,8742 42,2041 43,994 50,157 51,261 52,104 53,889 54,314 55,9004 56,1675 57,314 65,157 67,785 68,366 69,418 70,9999 71,785 77,104 79,104 81,157 82,104 83,1779 84,261 112,3193 113,261"
"Heptane, 4-methylene-",alkenes,C=C(CCC)CCC,"Heptane, 4-methylene-",8,16,112,"39,1200 40,100 41,5100 42,1300 43,700 53,300 55,6800 56,9999 57,300 67,300 69,5100 70,1700 83,400 84,2500 112,1900 113,167 114,6"
"Heptane, 3-methylene-",alkenes,C=C(CC)CCCC,"Heptane, 3-methylene-",8,16,112,"15,70 26,80 27,1509 28,179 29,1319 30,30 37,20 38,60 39,1279 40,269 41,4749 42,2649 43,1269 44,40 45,10 50,70 51,149 52,80 53,549 54,399 55,9149 56,1149 57,279 58,10 62,10 63,30 65,80 66,30 67,409 68,99 69,829 70,9999 71,829 72,40 77,50 78,10 79,60 80,10 81,90 82,50 83,729 84,229 85,30 91,10 93,10 95,20 96,10 97,30 111,20 112,1169 113,109"
"1-Hexene, 2,3-dimethyl",alkenes,C=C(C)C(C)CCC,"2,3-Dimethyl-1-hexene",8,16,112,"15,80 17,10 18,80 26,50 27,1059 28,50 29,799 30,20 32,10 37,20 38,80 39,1389 40,269 41,6309 42,1179 43,1099 44,40 45,10 50,60 51,139 52,70 53,589 54,189 55,6249 56,819 57,229 58,40 62,20 63,30 65,109 66,50 67,589 68,349 69,6299 70,9999 71,589 72,20 77,60 78,10 79,70 80,10 81,119 82,40 83,1209 84,209 85,50 86,10 91,10 93,10 95,50 96,10 97,279 98,30 99,30 110,10 111,10 112,119 113,20"
"1-Hexene, 3,3-dimethyl-",alkenes,C=CC(C)(C)CCC,"1-Hexene, 3,3-dimethyl-",8,16,112,"15,139 26,172 27,1449 28,476 29,751 39,2592 40,639 41,6206 42,622 43,914 44,100 50,198 51,501 52,227 53,1346 54,100 55,5691 56,1922 57,673 63,121 65,308 67,1303 69,9999 70,3512 71,204 77,185 79,198 81,120 83,904 84,824 85,245 97,845 112,293"
"1-Hexene, 3,4-dimethyl-",alkenes,C=CC(C)C(C)CC,"1-Hexene, 3,4-dimethyl-",8,16,112,"15,136 26,286 27,2332 28,853 29,2969 30,83 39,3265 41,7942 42,600 43,544 50,310 51,601 52,260 53,1336 54,860 55,5676 56,9999 57,5232 58,220 63,104 65,275 66,118 67,898 68,289 69,1307 70,1012 71,103 77,188 79,229 81,160 83,1272 84,3678 85,255 97,91"
"2-Hexene, 4,4-dimethyl",alkenes,CC=CC(C)(C)CC,"trans-4,4-Dimethyl-2-hexene",8,16,112,"15,132 26,114 27,931 28,344 29,790 39,1897 40,392 41,2945 42,246 43,851 44,94 50,172 51,368 52,163 53,858 54,94 55,9068 56,528 57,129 63,124 65,377 66,147 67,1073 68,262 69,1176 70,315 71,107 77,222 78,62 79,322 81,270 83,9999 84,719 97,819 112,1599 113,157"
"3-Hexene, 2,2-dimethyl-",alkenes,CCC=CC(C)(C)C,"3-Hexene, 2,2-dimethyl-",8,16,112,"27,2657 29,1891 38,180 39,2612 40,360 41,4594 42,450 43,1126 44,45 50,180 51,450 52,180 53,900 54,180 55,9999 56,720 57,1171 58,45 65,180 67,225 68,180 69,2837 70,1126 71,45 77,180 79,225 81,315 82,135 83,5539 84,405 95,45 97,3468 98,225 112,1801 113,180"
"Hexane, 2-methyl-4-methylene-",alkenes,C=C(CC)CC(C)C,"Hexane, 2-methyl-4-methylene-",8,16,112,"15,165 26,195 27,1572 28,644 29,858 39,3194 40,763 41,5450 42,1981 43,4167 44,215 50,253 51,530 52,258 53,1181 55,8571 56,1624 57,434 63,153 65,327 66,160 67,787 68,270 69,1441 70,9999 71,844 77,254 79,276 81,217 83,1468 84,478 97,270 112,2137 113,232"
"1-Heptene, 6-methyl-",alkenes,C=CCCCC(C)C,"1-Heptene, 6-methyl-",8,16,112,"39,1900 40,100 41,6500 42,2100 43,8600 44,200 53,400 54,200 55,7600 56,9999 57,3300 67,400 68,600 69,6500 70,3400 71,200 83,300 84,800 97,1000 112,800"
"1-Hexene, 5,5-dimethyl-",alkenes,C=CCCC(C)(C)C,"1-Hexene, 5,5-dimethyl-",8,16,112,"29,2321 30,45 32,229 37,14 38,54 39,1194 40,155 41,4249 42,229 43,2712 44,80 45,12 46,24 47,2 49,14 50,71 51,134 52,46 53,307 54,118 55,5590 56,2371 57,9999 58,417 59,7 62,7 63,19 64,5 65,50 66,23 67,93 68,39 69,800 70,563 71,752 72,37 74,4 75,4 76,5 77,65 78,19 79,68 80,8 81,95 82,15 83,228 84,453 85,37 91,16 92,5 93,6 94,3 95,17 96,25 97,1401 98,106 99,6 102,3 104,8 108,3 111,3 112,431 113,38"
1-Nonene,alkenes,C=CCCCCCCC,1-Nonene,9,18,126,"15,80 26,119 27,2109 28,339 29,3019 30,70 31,10 36,10 37,30 38,99 39,2179 40,359 41,6899 42,3709 43,9999 44,339 50,70 51,149 52,90 53,619 54,1109 55,7559 56,8609 57,2249 58,99 62,10 63,30 65,99 66,80 67,1049 68,789 69,4079 70,4069 71,619 72,30 77,80 78,20 79,119 80,40 81,479 82,679 83,2409 84,2219 85,429 86,30 91,40 93,50 94,20 95,239 96,309 97,1439 98,749 99,70 105,10 107,20 108,10 109,50 110,10 111,70 122,10 124,50 126,589 127,60 128,10"
1-Decene,alkenes,C=CCCCCCCCC,1-Decene,10,20,140,"15,70 26,90 27,2349 28,429 29,3749 30,80 37,10 38,70 39,2499 40,399 41,8349 42,3499 43,8149 44,269 50,50 51,159 52,90 53,719 54,1179 55,8769 56,9999 57,6929 58,299 63,30 65,109 66,70 67,829 68,979 69,5729 70,8069 71,1249 72,50 77,60 78,20 79,70 80,10 81,189 82,699 83,3369 84,2489 85,569 86,30 91,10 95,30 96,269 97,2169 98,1519 99,139 110,90 111,1009 112,719 113,80 125,20 140,1189 141,139 142,30"
1-Undecene,alkenes,C=CCCCCCCCCC,1-Undecene,11,22,154,"15,90 26,99 27,2329 28,229 29,3989 30,90 36,10 37,10 38,70 39,2329 40,379 41,8489 42,3149 43,9999 44,339 45,10 50,40 51,139 52,70 53,719 54,1199 55,9329 56,8949 57,6339 58,299 59,10 62,10 63,30 65,109 66,99 67,969 68,1229 69,7099 70,8229 71,2429 72,119 75,10 77,80 78,10 79,80 80,20 81,279 82,1209 83,5149 84,4009 85,709 86,50 91,10 93,10 95,60 96,379 97,2819 98,1409 99,149 109,10 110,149 111,1109 112,829 113,80 124,40 125,469 126,579 127,60 139,20 154,879 155,109"
1-Dodecene,alkenes,C=CCCCCCCCCCC,1-Dodecene,12,24,168,"26,246 27,4168 28,1015 29,5436 30,124 32,11 37,47 38,117 39,3397 40,457 41,9999 42,2824 43,9374 44,322 45,6 50,63 51,175 52,117 53,970 54,1440 55,8084 56,6456 57,5072 58,223 62,12 63,34 64,12 65,139 66,114 67,1119 68,1180 69,5819 70,5639 71,2072 72,108 75,21 76,11 77,167 78,55 79,190 80,57 81,473 82,1183 83,5288 84,4023 85,1219 86,74 91,54 92,19 93,26 94,8 95,119 96,430 97,3685 98,1922 99,163 100,9 105,16 109,29 110,147 111,1099 112,681 113,67 115,8 117,15 119,7 123,10 124,67 125,371 126,482 127,56 128,4 138,24 139,105 140,379 141,45 153,4 166,29 168,792 169,106 170,9"
1-Tridecene,alkenes,C=CCCCCCCCCCCC,1-Tridecene,13,26,182,"14,10 15,70 26,80 27,1989 28,149 29,3769 30,80 35,30 36,239 37,10 38,80 39,1839 40,309 41,8299 42,2389 43,9999 44,339 50,30 51,99 52,70 53,699 54,1469 55,9129 56,7519 57,7619 58,349 59,10 63,20 64,10 65,99 66,169 67,1489 68,1499 69,7349 70,7129 71,2629 72,159 77,80 78,30 79,159 80,99 81,889 82,1849 83,6709 84,4009 85,1449 86,99 91,40 92,10 93,40 94,50 95,459 96,929 97,4719 98,2439 99,269 100,20 105,20 106,10 107,20 108,20 109,189 110,409 111,1949 112,1289 113,139 119,10 120,10 121,20 122,10 123,60 124,139 125,669 126,519 127,80 133,10 135,10 136,10 137,30 138,70 139,219 140,379 141,50 145,10 149,10 151,20 152,40 153,90 154,389 155,50 165,10 178,10 180,40 182,479 183,60"
1-Tetradecene,alkenes,C=CCCCCCCCCCCCC,1-Tetradecene,14,28,196,"14,10 15,50 26,70 27,1749 28,119 29,3729 30,80 32,20 35,20 36,129 37,10 38,40 39,1649 40,329 41,7979 42,2199 43,9999 44,339 50,30 51,90 52,50 53,659 54,1309 55,9219 56,7809 57,9109 58,419 59,10 60,10 63,20 65,109 66,119 67,1299 68,1489 69,7589 70,7629 71,3679 72,209 77,80 78,20 79,109 80,40 81,569 82,1789 83,7769 84,4419 85,1779 86,119 91,20 93,10 94,10 95,189 96,749 97,5449 98,2429 99,339 100,20 109,50 110,359 111,2389 112,1489 113,189 114,10 123,20 124,169 125,999 126,899 127,119 128,10 138,80 139,299 140,369 141,60 142,10 152,40 153,139 154,339 155,60 166,10 167,90 168,349 169,60 170,20 196,479 197,80 198,20"
Allene,polyenes,C=C=C,Allene,3,4,40,"12,410 13,340 14,400 15,30 19,310 20,380 24,270 25,460 26,480 27,70 36,941 37,3263 38,4054 39,9629 40,9999 41,330 42,10"
"1,3-Butadiene",polyenes,C=CC=C,"1,3-Butadiene",4,6,54,"2,10 12,40 13,30 14,50 15,30 16,10 19,10 24,20 25,250 26,1541 27,4944 28,3413 29,80 36,90 37,440 38,581 39,9999 40,350 41,20 48,150 49,811 50,2682 51,2532 52,1141 53,7086 54,9519 55,430 56,10"
"1,4-Pentadiene",polyenes,C=CCC=C,"1,4-Pentadiene",5,8,68,"15,275 25,138 26,947 27,2667 28,200 29,238 31,232 37,763 38,1745 39,7919 40,3342 41,4267 42,1675 49,205 50,682 51,934 52,562 53,6187 54,270 61,364 62,446 63,542 65,1693 67,9999 68,6658 69,345"
"1,5-Hexadiene",polyenes,C=CCCC=C,"1,5-Hexadiene",6,10,82,"14,20 15,169 25,10 26,289 27,1769 28,339 29,509 30,10 31,20 32,40 37,149 38,379 39,5199 40,559 41,9989 42,579 43,90 44,40 49,40 50,339 51,459 52,229 53,949 54,5879 55,569 56,80 57,30 61,20 62,30 63,70 65,339 66,169 67,9999 68,559 69,30 73,20 74,40 75,20 77,209 78,40 79,319 80,50 81,789 82,149 83,10 84,10"
"1,3-Pentadiene, 2-methyl-",polyenes,C=C(C)C=CC,"1,3-Pentadiene, 2-methyl-",6,10,82,"12,80 13,100 14,450 15,1141 16,100 24,10 25,70 26,641 27,2642 28,851 29,440 30,10 31,60 32,130 36,50 37,510 38,1011 39,6105 40,1301 41,5465 42,1141 43,250 48,20 49,150 50,781 51,1041 52,50 53,1692 54,1702 55,571 56,220 57,10 60,30 61,140 62,240 63,400 64,70 65,1101 66,450 67,9999 68,550 69,20 72,10 73,40 74,100 75,30 76,10 77,300 78,70 79,651 80,130 81,1211 82,4724 83,310 84,10"
"1,3-Butadiene, 2,3-dimethyl-",polyenes,C=C(C)C(=C)C,"1,3-Butadiene, 2,3-dimethyl-",6,10,82,"14,20 15,179 26,119 27,1089 28,199 29,279 31,20 36,20 37,259 38,559 39,5689 40,1209 41,5829 42,1099 43,449 44,10 49,80 50,409 51,629 52,349 53,1719 54,3189 55,589 56,219 57,20 60,20 61,90 62,139 63,249 64,50 65,1269 66,359 67,9999 68,579 69,129 70,30 77,229 78,50 79,609 80,90 81,1269 82,7009 83,509 84,30"
"2,4-Hexadiene",polyenes,CC=CC=CC,"2,4-Hexadiene",6,10,82,"15,50 26,139 27,1049 28,159 29,319 37,119 38,279 39,2409 40,529 41,3289 42,559 43,269 44,20 45,40 49,60 50,439 51,649 52,329 53,1599 54,1679 55,659 56,289 57,40 61,40 62,90 63,179 64,30 65,939 66,359 67,9999 68,609 69,50 73,30 74,99 75,30 76,10 77,489 78,99 79,1159 80,159 81,1449 82,5249 83,369 84,10"
"1,3-Pentadiene, 4-methyl",polyenes,C=CC=C(C)C,"4-Methyl-1,3-pentadiene",6,10,82,"14,10 15,99 25,10 26,109 27,1059 28,119 29,349 31,20 36,10 37,159 38,359 39,3039 40,789 41,4169 42,769 43,259 44,10 49,50 50,309 51,499 52,259 53,1259 54,1399 55,509 56,229 57,20 58,10 59,20 60,10 61,80 62,119 63,219 64,40 65,1019 66,359 67,9999 68,579 69,30 71,20 73,20 74,60 75,20 77,299 78,70 79,759 80,139 81,1289 82,5169 83,359 84,10"
"1,6-Heptadiene",polyenes,C=CCCCC=C,"1,6-Heptadiene",7,12,96,"14,10 15,109 26,169 27,1989 28,189 29,3309 30,70 37,60 38,189 39,3639 40,529 41,2029 42,379 43,30 44,40 49,10 50,149 51,259 52,129 53,1779 54,9999 55,7139 56,329 57,10 61,20 62,40 63,60 64,10 65,179 66,249 67,3919 68,2199 69,119 74,10 77,119 78,30 79,209 80,30 81,3739 82,239 91,40 93,20 95,209 96,279 97,20"
"1,3-Pentadiene, 2,4-dimethyl-",polyenes,C=C(C)C=C(C)C,"1,3-Pentadiene, 2,4-dimethyl-",7,12,96,"15,40 26,70 27,1089 28,149 29,549 30,10 37,60 38,199 39,2609 40,439 41,3629 42,269 43,369 44,10 45,40 46,80 47,40 49,20 50,329 51,649 52,289 53,2969 54,989 55,1589 56,1369 57,99 59,10 61,30 62,80 63,189 64,30 65,719 66,369 67,1659 68,379 69,99 70,10 73,10 74,60 75,20 76,10 77,899 78,149 79,4699 80,449 81,9999 82,709 83,50 91,159 92,10 93,139 94,40 95,479 96,8389 97,669 98,30"
"2,3-Pentadiene, 2,4-dimethyl-",polyenes,CC(C)=C=C(C)C,"2,3-Pentadiene, 2,4-dimethyl-",7,12,96,"14,75 15,582 16,29 18,47 26,312 27,2616 28,611 29,749 31,8 32,49 37,213 38,664 39,5880 40,891 41,5080 42,392 43,244 44,49 45,78 46,78 49,130 50,1159 51,1746 52,786 53,5645 54,1049 55,2044 56,583 57,45 61,138 62,372 63,725 64,178 65,1580 66,743 67,1742 68,264 69,74 73,64 74,256 75,88 76,64 77,1610 78,64 79,6327 80,977 81,9999 82,679 91,161 93,203 94,126 96,7463 97,564"
"1,4-Hexadiene, 2-methyl-",polyenes,C=C(C)CC=CC,"1,4-Hexadiene, 2-methyl-",7,12,96,"15,331 26,386 27,3005 28,718 29,1635 37,265 38,585 39,5104 40,784 41,4187 42,353 43,209 50,607 51,939 52,441 53,3093 54,1436 55,2629 56,563 62,154 63,276 65,640 66,464 67,2033 68,861 77,1104 79,2574 80,441 81,9999 82,1270 91,165 95,453 96,4674 97,386"
"3,4-Heptadiene",polyenes,CCC=C=CCC,"3,4-Heptadiene",7,12,96,"39,7000 40,1200 41,8500 42,1300 43,200 44,100 50,1000 51,1700 52,800 53,5100 54,2900 55,3200 56,500 58,150 61,100 62,500 63,700 64,100 65,2000 66,1200 67,8100 68,1100 77,1200 78,200 79,3400 80,400 81,9999 82,700 91,100 93,100 95,400 96,4800 97,400"
"1,4-Pentadiene, 2,4-dimethyl",polyenes,C=C(C)CC(=C)C,"2,4-Dimethyl 1,4-pentadiene",7,12,96,"14,199 15,242 16,96 26,184 27,1512 28,122 29,790 37,135 38,448 39,3650 40,714 41,3011 42,170 43,114 50,391 51,600 52,253 53,1799 54,555 55,1103 56,1034 57,86 61,39 62,97 63,159 64,39 65,455 66,236 67,971 68,195 69,45 74,59 77,541 79,2738 81,9999 82,671 83,66 91,75 93,66 95,249 96,85"
"1,7-Octadiene",polyenes,C=CCCCCC=C,"1,7-Octadiene",8,14,110,"13,24 14,83 15,382 16,2 24,3 25,21 26,400 27,3199 28,740 29,1595 30,38 36,6 37,129 38,346 39,4764 40,754 41,9999 42,666 43,279 44,17 49,23 50,208 51,380 52,182 53,1361 54,6000 55,1891 56,416 57,27 61,19 62,45 63,96 64,27 65,241 66,369 67,5250 68,2270 69,972 70,60 71,5 74,5 75,15 76,11 77,179 78,57 79,355 80,102 81,1929 82,2687 83,180 84,9 89,8 90,8 91,83 92,89 93,80 94,131 95,1037 96,102 97,10 98,4 103,3 105,4 107,4 108,5 109,40 110,50 111,4"
"2,4-Octadiene",polyenes,CC=CC=CCCC,"2,4-Octadiene",8,14,110,"15,114 26,212 27,1383 28,468 29,675 38,309 39,2811 40,600 41,2881 42,293 43,117 50,539 51,1062 52,589 53,3273 54,570 55,1332 56,152 62,183 63,420 65,1174 66,899 67,4644 68,6395 69,468 74,108 77,1602 79,5539 81,9999 82,774 91,403 93,281 95,1468 110,4387 111,393"
"1,5-Heptadiene, 2-methyl-",polyenes,C=C(C)CCC=CC,"1,5-Heptadiene, 2-methyl-, (E)-",8,14,110,"25,13 26,36 27,917 28,102 29,1396 30,40 33,16 35,10 38,92 39,1584 40,245 41,1098 42,122 43,80 46,9 47,14 48,6 49,13 50,94 51,248 52,104 53,935 54,658 55,9999 56,941 57,32 60,37 61,14 62,20 63,55 64,10 65,191 66,133 67,1181 68,1263 69,275 70,20 71,8 73,11 77,227 78,52 79,295 80,136 81,2992 82,546 83,35 84,5 87,11 88,5 89,12 90,3 91,126 92,25 93,146 94,44 95,4606 96,397 97,13 98,4 103,1 105,9 107,14 108,11 109,73 110,224 111,41"
"1,5-Heptadiene, 4-methyl",polyenes,C=CCC(C)C=CC,"4-Methyl-1,5-Heptadiene",8,14,110,"14,17 15,59 26,79 27,583 28,49 29,219 32,3 37,60 38,229 39,2055 40,3 41,6553 42,315 43,124 50,167 51,307 52,151 53,743 54,146 55,398 62,75 63,139 64,36 65,327 66,135 67,1217 68,36 69,9999 70,567 77,272 78,79 79,285 80,100 81,450 82,96 91,126 93,57 95,915 96,68 110,59"
"1,3-Hexadiene, 5,5-dimethyl",polyenes,C=CC=CC(C)(C)C,"5,5-Dimethyl-1,3-hexadiene",8,14,110,"15,222 26,135 27,854 28,473 29,416 38,240 39,2214 40,377 41,2408 42,166 43,240 50,515 51,1006 52,462 53,1398 54,334 55,2508 56,242 57,163 62,115 63,301 65,811 67,7049 68,706 69,259 70,88 77,1589 78,402 79,1310 80,538 81,553 82,117 91,629 93,1303 95,9999 96,820 110,2881 111,251"
"1,4-Hexadiene, 2,3-dimethyl-",polyenes,C=C(C)C(C)C=CC,"1,4-Hexadiene, 2,3-dimethyl-",8,14,110,"27,2200 28,400 29,1100 30,300 38,300 39,4700 40,800 41,6500 42,1400 43,600 44,400 50,300 51,800 52,400 53,2200 54,500 55,3000 56,400 65,600 67,5700 68,800 69,1200 70,300 77,900 78,200 79,1000 80,400 81,1200 91,400 93,700 95,9999 96,800 98,200 109,200 110,2700 111,200"
"2,3,4-Hexatriene, 2,5-dimethyl-",polyenes,CC(C)=C=C=C(C)C,"2,3,4-Hexatriene, 2,5-dimethyl-",8,12,108,"26,139 27,1060 28,78 29,319 30,7 31,3 34,2 36,8 37,109 38,280 39,2586 40,416 41,1673 42,99 43,68 44,13 45,21 46,5 48,5 49,63 50,666 51,1624 52,618 53,1561 54,288 55,192 56,24 57,9 60,15 61,152 62,313 63,821 64,201 65,1718 66,423 67,688 68,116 69,20 70,1 72,3 73,52 74,302 75,214 76,100 77,6170 78,925 79,1471 80,212 81,58 82,5 84,12 85,48 86,100 87,71 88,11 89,142 90,34 91,6450 92,753 93,4074 94,319 95,20 96,1 97,5 98,20 99,4 101,3 102,9 103,73 104,17 105,463 106,93 107,1445 108,9999 109,679 110,38 111,2"
"1,3,6-Octatriene",polyenes,C=CC=CCC=CC,"1,3,6-Octatriene",8,12,108,"13,10 14,10 15,130 24,10 25,20 26,300 27,2963 28,490 29,961 30,20 31,10 34,10 35,10 36,20 37,150 38,470 39,5115 40,841 41,4124 42,230 43,100 44,20 45,30 46,10 47,20 48,10 49,70 50,671 51,1461 52,791 53,2032 54,1722 55,651 56,10 58,40 59,30 60,10 61,70 62,180 63,460 64,170 65,1682 66,2813 67,1942 68,210 69,20 73,20 74,120 75,300 76,60 77,6956 78,1802 79,9999 80,1792 81,561 82,40 85,20 86,10 87,20 88,220 89,220 90,220 91,220 92,520 93,4894 94,390 95,20 101,10 102,20 103,90 104,20 105,290 106,120 107,320 108,2372 109,210 110,20"
"1,8-Nonadiene",polyenes,C=CCCCCCC=C,"1,8-Nonadiene",9,16,124,"14,10 15,129 26,169 27,2169 28,299 29,2309 30,60 32,10 37,50 38,159 39,3579 40,519 41,9999 42,909 43,659 44,80 49,10 50,129 51,259 52,149 53,1309 54,8749 55,9499 56,619 57,199 58,10 61,20 62,30 63,60 64,10 65,219 66,369 67,7309 68,2949 69,799 70,289 71,20 74,10 75,10 77,119 78,40 79,319 80,139 81,3399 82,1859 83,749 84,60 91,40 92,10 93,60 94,40 95,1499 96,2439 97,209 98,20 104,10 107,10 109,179 110,20 124,10"
"1,9-Decadiene",polyenes,C=CCCCCCCC=C,"1,9-Decadiene",10,18,138,"14,44 15,93 26,243 27,2694 28,628 29,2594 30,77 37,68 39,4876 40,834 41,8567 42,866 43,1220 44,48 49,17 50,142 51,307 52,209 53,1622 54,6842 55,9999 56,930 57,89 62,29 63,68 64,54 65,318 66,710 67,6041 68,3310 69,1109 70,124 71,32 77,168 79,451 81,4594 82,2271 83,352 84,52 91,61 93,71 95,1600 96,1356 97,320 98,26 109,523 110,871 111,66 123,47 138,27"
"1,10-Undecadiene",polyenes,C=CCCCCCCCC=C,"1,10-Undecadiene",11,20,152,"27,2091 28,1115 29,2376 39,4581 40,819 41,9999 42,1085 43,994 51,338 52,209 53,1571 54,5318 55,7794 56,868 57,452 65,368 66,715 67,7443 68,3579 69,4520 70,405 77,225 79,481 81,5052 82,4423 83,826 93,105 95,2421 96,1865 97,324 109,833 110,549 123,250 124,406"
"1,11-Dodecadiene",polyenes,C=CCCCCCCCCC=C,"1,11-Dodecadiene",12,22,166,"14,50 15,290 25,10 26,230 27,3073 28,781 29,3213 30,80 31,20 36,10 37,50 38,140 39,3793 40,601 41,9999 42,1251 43,1822 44,100 45,20 49,10 50,100 51,270 52,180 53,1331 54,5425 55,9989 56,1211 57,871 58,60 59,10 62,20 63,60 64,20 65,240 66,420 67,5855 68,4134 69,4624 70,831 71,230 72,80 73,20 74,10 75,10 76,10 77,240 78,180 79,440 80,320 81,5425 82,4784 83,2632 84,340 85,80 86,20 91,220 92,80 93,180 94,190 95,3113 96,3183 97,741 98,150 99,20 101,20 103,20 104,20 105,110 106,40 107,80 108,80 109,1451 110,651 111,150 112,40 113,10 115,30 116,10 117,30 118,20 119,70 120,20 121,50 122,30 123,390 124,510 125,80 126,20 128,20 129,20 131,50 132,10 133,60 134,10 135,40 136,20 137,180 138,360 139,60 141,10 142,10 143,10 145,20 146,20 147,20 148,10 149,20 151,60 152,20 160,10 162,50 164,20 165,20 166,180 167,30"
"1,12-Tridecadiene",polyenes,C=CCCCCCCCCCC=C,"1,12-Tridecadiene",13,24,180,"2,80 14,60 15,290 16,30 17,70 18,170 20,10 25,10 26,200 27,2823 28,861 29,3243 30,90 31,60 32,130 36,20 37,50 38,130 39,3343 40,550 41,9519 42,1201 43,2302 44,150 45,60 49,10 50,90 51,270 52,170 53,1251 54,4514 55,9999 56,1361 57,1571 58,120 59,30 61,10 62,20 63,80 64,30 65,270 66,440 67,5175 68,3813 69,4164 70,831 71,390 72,180 73,40 74,20 75,30 76,20 77,340 78,220 79,631 80,470 81,5445 82,4974 83,2732 84,380 85,140 86,60 87,110 88,10 89,30 91,360 92,120 93,340 94,300 95,3183 96,3153 97,1281 98,220 99,40 100,10 101,20 102,20 103,50 104,60 105,280 106,100 107,200 108,150 109,1712 110,1081 111,250 112,60 113,20 114,10 115,100 116,40 117,90 118,60 119,230 120,70 121,150 122,100 123,530 124,300 125,70 126,30 127,30 128,60 129,70 130,30 131,140 132,50 133,130 134,30 135,140 136,60 137,220 138,210 139,50 140,10 141,50 142,50 143,40 144,40 145,70 146,60 147,60 148,30 149,60 150,30 151,110 152,300 153,60 154,10 158,20 159,20 160,50 161,20 162,90 163,30 174,10 176,20 178,40 179,10 180,150 181,20"
"1,13-Tetradecadiene",polyenes,C=CCCCCCCCCCCC=C,"1,13-Tetradecadiene",14,26,194,"26,554 27,608 28,409 29,1618 30,45 35,25 36,60 37,25 38,52 39,914 40,201 41,6434 42,941 43,2495 44,82 49,23 50,32 51,25 52,60 53,512 54,4086 55,9999 56,1260 57,1111 58,79 60,27 65,92 66,442 67,5234 68,4158 69,4738 70,646 71,285 74,23 77,82 78,35 79,302 80,337 81,5395 82,6170 83,2963 84,360 85,85 91,52 92,24 93,81 94,157 95,3447 96,4099 97,1551 98,144 104,10 105,20 107,44 108,75 109,1729 110,1452 111,280 112,40 122,41 123,768 124,687 125,72 128,49 135,15 137,314 138,255 139,14 151,118 152,122 153,27 165,104 166,253 167,31 179,27 194,155 195,44"
Benzene,aromatics,c1ccccc1,Benzene,6,6,78,"15,122 25,70 26,345 27,262 28,210 36,66 37,429 38,561 39,1119 40,70 48,47 49,392 50,2082 51,2211 52,1884 53,77 61,102 62,110 63,497 73,246 74,622 75,225 76,589 77,2837 78,9999 79,653"
"Benzene, methyl-",aromatics,Cc1ccccc1,Toluene,7,8,92,"26,50 27,179 28,20 37,109 38,249 39,1079 40,119 41,119 43,10 44,10 45,149 46,99 49,60 50,419 51,649 52,159 53,70 55,10 57,10 60,10 61,149 62,329 63,749 64,159 65,1219 66,149 73,10 74,90 75,60 76,30 77,99 83,10 85,40 86,80 87,40 89,399 90,219 91,9999 92,7769 93,549 94,10"
"Benzene, dimethyl-",aromatics,Cc1ccc(C)cc1,p-Xylene,8,10,106,"15,10 18,20 26,30 27,349 28,80 29,10 32,20 37,40 38,119 39,799 40,70 41,129 43,10 49,40 50,399 51,859 52,339 53,279 54,10 55,20 57,20 61,70 62,159 63,469 64,90 65,559 66,70 67,10 69,10 73,20 74,129 75,80 76,80 77,1189 78,579 79,709 80,40 83,10 85,10 86,40 87,40 89,189 90,70 91,9999 92,749 93,20 97,10 98,10 101,20 102,109 103,589 104,289 105,2889 106,6589 107,579 108,10"
"Benzene, ethyl-",aromatics,CCc1ccccc1,Ethylbenzene,8,10,106,"15,141 26,93 27,339 28,70 37,62 38,186 39,703 40,98 41,89 50,626 51,1147 52,315 53,101 61,77 62,222 63,569 64,159 65,1131 66,91 73,56 74,240 75,159 76,156 77,990 78,872 79,486 86,35 87,44 89,329 91,9999 92,730 102,109 103,350 104,135 105,610 106,2829 107,261"
"Benzene, ethenyl-",aromatics,C=Cc1ccccc1,Styrene,8,8,104,"15,10 25,10 26,90 27,210 36,10 37,110 38,200 39,680 40,30 41,20 43,10 48,10 49,140 50,1360 51,2670 52,880 53,120 54,10 60,20 61,160 62,330 63,790 64,90 65,150 66,10 72,10 73,120 74,630 75,430 76,520 77,2190 78,4640 79,310 80,10 84,10 85,30 86,50 87,80 88,10 89,210 90,20 97,20 98,90 99,20 101,90 102,840 103,4850 104,9999 105,920 106,30"
"Benzene, (n-propyl)-",aromatics,CCCc1ccccc1,"Benzene, propyl-",9,12,120,"15,10 26,20 27,159 29,50 37,10 38,50 39,409 40,30 41,189 42,10 49,10 50,129 51,349 52,90 53,30 57,30 58,30 61,20 62,60 63,199 64,50 65,719 66,50 74,50 75,30 76,30 77,269 78,589 79,129 85,10 86,10 87,10 89,139 90,60 91,9999 92,1079 93,50 102,30 103,109 104,60 105,379 106,30 115,90 116,20 117,60 118,10 119,20 120,2589 121,259 122,10"
"Benzene, (iso-propyl)-",aromatics,CC(C)c1ccccc1,"Benzene, (1-methylethyl)-",9,12,120,"14,80 15,106 16,42 26,49 27,298 29,22 37,33 38,132 39,715 40,98 41,294 42,27 43,29 44,37 50,606 51,1527 52,375 53,169 58,80 59,71 61,54 62,200 63,508 64,96 65,416 66,39 73,37 74,260 75,186 76,277 77,2218 78,979 79,1932 80,136 85,20 86,37 87,46 88,16 89,179 90,16 91,792 92,72 98,23 101,33 102,248 103,1297 104,16 105,9999 106,940 107,39 115,145 116,27 117,62 118,21 119,21 120,2682 121,250 122,16"
"Benzene, ethyl-methyl-",aromatics,CCc1ccc(C)cc1,"Benzene, 1-ethyl-4-methyl-",9,12,120,"15,40 26,30 27,239 29,20 37,30 38,60 39,479 40,40 41,149 49,10 50,179 51,409 52,129 53,159 54,10 57,90 58,109 59,139 61,40 62,109 63,279 64,60 65,399 66,40 67,10 73,10 74,60 75,50 76,50 77,859 78,309 79,569 80,40 85,10 86,30 87,30 89,129 90,50 91,879 92,179 93,50 98,10 101,10 102,99 103,559 104,279 105,9999 106,899 107,40 115,209 116,50 117,229 118,70 119,329 120,2869 121,299 122,10"
"Benzene, trimethyl-",aromatics,Cc1cc(C)cc(C)c1,Mesitylene,9,12,120,"15,30 26,30 27,359 28,20 29,30 37,30 38,90 39,689 40,70 41,419 42,20 43,10 49,10 50,179 51,529 52,179 53,269 54,20 55,20 57,90 58,139 59,159 60,20 61,30 62,90 63,279 64,50 65,369 66,50 67,30 73,10 74,80 75,60 76,40 77,999 78,359 79,679 80,50 86,20 87,20 89,70 90,20 91,789 92,159 93,70 94,10 98,10 101,20 102,90 103,529 104,279 105,9999 106,919 107,30 115,239 116,60 117,229 118,90 119,1499 120,7009 121,669 122,30"
"Benzene, ethenyl-methyl-",aromatics,C=Cc1cccc(C)c1,"Benzene, 1-ethenyl-3-methyl-",9,10,118,"15,10 26,30 27,250 28,10 29,10 36,10 37,50 38,150 39,1001 40,110 41,140 42,10 43,80 44,10 45,20 46,10 49,30 50,410 51,801 52,230 53,150 54,10 55,20 56,10 57,260 58,891 59,230 60,10 61,90 62,280 63,721 64,140 65,801 66,100 67,10 73,30 74,190 75,190 76,150 77,641 78,410 79,70 80,10 84,10 85,40 86,80 87,90 88,40 89,470 90,190 91,2632 92,420 93,20 97,10 98,20 99,10 100,10 101,50 102,310 103,1181 104,110 105,10 109,10 110,10 111,10 114,40 115,2803 116,651 117,8878 118,9999 119,941 120,40 121,10"
"Benzene, (1-isopropenyl)-",aromatics,C=C(C)c1ccccc1,.alpha.-Methylstyrene,9,10,118,"14,10 15,40 26,50 27,279 28,40 29,10 37,70 38,149 39,1019 40,139 41,149 42,20 43,60 49,40 50,479 51,1329 52,339 53,109 55,10 57,239 58,369 59,70 61,60 62,169 63,469 64,80 65,439 66,50 71,20 73,30 74,199 75,179 76,229 77,1899 78,2859 79,249 80,10 85,20 86,40 87,60 88,20 89,289 90,119 91,1649 92,159 98,20 99,10 101,60 102,419 103,4539 104,419 105,60 113,20 114,30 115,1509 116,379 117,6319 118,9999 119,1039 120,50"
"Benzene, allyl-",aromatics,C=CCc1ccccc1,"Benzene, 2-propenyl-",9,10,118,"2,20 12,10 13,20 14,60 15,180 16,10 24,10 25,20 26,290 27,951 28,90 29,60 30,10 36,10 37,170 38,440 39,2472 40,220 41,420 42,20 43,60 44,30 45,60 46,10 48,10 49,70 50,811 51,1651 52,430 53,130 54,10 55,60 56,30 57,200 58,911 59,60 60,10 61,130 62,380 63,981 64,220 65,1401 66,130 67,20 68,10 69,10 70,10 71,10 72,70 73,240 74,240 75,190 76,160 77,681 78,1021 79,110 80,10 81,10 82,10 83,10 84,10 85,40 86,80 87,90 88,40 89,550 90,270 91,4054 92,370 93,20 94,10 95,10 96,10 97,10 98,10 99,10 101,20 102,180 103,781 104,100 105,10 108,10 109,10 110,10 111,10 112,10 113,30 114,60 115,2532 116,741 117,9999 118,8057 119,731 120,30"
Indene,aromatics,C1=Cc2ccccc2C1,Indene,9,8,116,"26,10 27,80 28,20 37,60 38,149 39,559 40,30 41,30 49,20 50,319 51,309 52,40 53,10 57,299 58,259 60,10 61,139 62,409 63,979 64,129 65,299 66,10 73,20 74,189 75,159 76,80 77,50 84,10 85,70 86,159 87,219 88,179 89,1009 90,119 91,70 109,10 110,20 113,219 114,289 115,7929 116,9999 117,959 118,50"
"Benzene, (n-butyl)-",aromatics,CCCCc1ccccc1,"Benzene, n-butyl-",10,14,134,"15,30 18,40 26,50 27,589 28,99 29,219 32,30 37,20 38,70 39,749 40,60 41,429 42,30 43,219 50,199 51,619 52,159 53,99 55,50 56,40 57,30 58,10 61,10 62,70 63,319 64,90 65,1249 66,80 69,20 73,30 74,60 75,70 76,70 77,649 78,679 79,359 80,30 87,20 89,239 90,99 91,9999 92,5969 93,429 94,10 102,70 103,279 104,219 105,929 106,129 115,149 116,40 117,80 119,109 128,20 133,10 134,2629 135,289 136,10"
"Benzene, (iso-butyl)-",aromatics,CC(C)Cc1ccccc1,"Benzene, (2-methylpropyl)-",10,14,134,"15,30 26,20 27,409 28,109 29,69 38,60 39,749 40,70 41,759 42,40 43,1359 44,50 50,149 51,449 52,129 53,70 55,90 56,149 57,129 58,109 59,10 61,10 62,80 63,299 64,99 65,1159 66,80 69,30 74,40 75,50 76,50 77,299 78,279 79,90 86,10 87,20 89,239 90,99 91,9999 92,6229 93,429 94,10 102,50 103,99 104,60 105,99 106,20 115,229 116,60 117,159 118,40 119,139 133,30 134,2689 135,289 136,10"
"Benzene, (tert-butyl)-",aromatics,CC(C)(C)c1ccccc1,"Benzene, tert-butyl-",10,14,134,"15,50 26,20 27,249 28,99 29,209 37,10 38,40 39,619 40,50 41,1629 42,149 43,159 50,219 51,639 52,159 53,109 54,10 55,119 56,139 57,279 58,259 59,99 61,20 62,60 63,189 64,70 65,379 66,80 67,10 69,20 70,20 71,40 74,80 75,80 76,80 77,819 78,409 79,899 80,60 83,10 84,10 85,10 86,10 87,20 88,10 89,90 90,30 91,4779 92,389 93,30 101,20 102,119 103,449 104,129 105,70 115,309 116,80 117,249 118,119 119,9999 120,999 121,40 128,20 129,10 131,10 133,10 134,2709 135,289 136,10"
"Benzene, propyl-methyl-",aromatics,CCCc1ccc(C)cc1,"Benzene, 1-methyl-4-propyl-",10,14,134,"15,10 26,20 27,229 28,20 29,50 38,30 39,279 40,30 41,149 50,80 51,219 52,70 53,109 55,10 57,20 58,10 61,10 62,40 63,139 64,50 65,219 66,20 74,30 75,30 76,30 77,629 78,189 79,489 80,30 86,10 87,10 89,70 90,20 91,549 92,179 93,30 101,10 102,50 103,339 104,199 105,9999 106,909 107,40 115,129 116,40 117,129 118,30 119,129 120,10 127,10 128,20 129,10 131,10 132,10 133,20 134,2319 135,259 136,10"
"Benzene, (iso-propyl)-methyl-",aromatics,Cc1ccc(C(C)C)cc1,p-Cymene,10,14,134,"15,30 26,10 27,229 28,70 29,60 37,10 38,40 39,489 40,50 41,599 42,50 43,99 44,10 50,109 51,319 52,90 53,129 54,20 55,349 56,50 57,169 58,159 59,40 61,20 62,80 63,229 64,119 65,479 66,90 67,50 68,20 69,99 70,20 71,10 74,40 75,40 76,40 77,529 78,159 79,229 80,20 81,99 82,20 83,30 84,10 85,10 86,20 87,20 88,10 89,129 90,40 91,1589 92,199 93,249 94,20 95,40 96,169 97,299 98,30 101,20 102,90 103,329 104,219 105,279 106,30 107,10 109,20 110,10 111,20 114,10 115,449 116,139 117,919 118,199 119,9999 120,1009 121,50 127,10 128,30 129,20 131,40 132,179 133,139 134,2549 135,279 136,20"
"Benzene, ethyl-dimethyl-",aromatics,CCc1cc(C)ccc1C,"Benzene, 2-ethyl-1,4-dimethyl-",10,14,134,"15,40 26,20 27,229 28,10 29,50 37,10 38,40 39,379 40,40 41,359 42,20 43,70 50,119 51,309 52,99 53,179 54,10 55,50 56,20 57,50 58,50 59,20 61,20 62,60 63,189 64,99 65,349 66,109 67,30 69,10 70,20 71,20 74,50 75,50 76,30 77,629 78,229 79,309 80,20 85,20 86,10 87,20 89,80 90,20 91,1229 92,129 93,129 94,10 101,10 102,90 103,389 104,279 105,1189 106,229 107,30 109,10 115,439 116,159 117,609 118,219 119,9999 120,1019 121,50 127,20 128,50 129,30 130,10 131,90 132,30 133,309 134,3329 135,379 136,20"
"Benzene, tetramethyl-",aromatics,Cc1cc(C)c(C)c(C)c1,"Benzene, 1,2,3,5-tetramethyl-",10,14,134,"15,30 26,10 27,239 28,30 29,50 37,10 38,50 39,499 40,60 41,469 42,20 50,109 51,329 52,109 53,239 54,10 55,50 57,60 58,50 59,10 61,20 62,60 63,179 64,119 65,379 66,139 67,60 74,40 75,50 76,30 77,569 78,169 79,269 80,20 86,10 87,20 89,60 90,20 91,1109 92,119 93,129 94,20 101,10 102,60 103,279 104,189 105,319 106,60 107,20 114,10 115,429 116,169 117,559 118,199 119,9999 120,999 121,40 127,20 128,40 129,30 130,10 131,60 132,60 133,1009 134,5709 135,619 136,30"
"Naphthalene, 1,2,3,4-tetrahydro-",aromatics,c1ccc2c(c1)CCCC2,"Naphthalene, 1,2,3,4-tetrahydro-",10,12,132,"13,18 14,43 15,644 16,26 25,16 26,292 27,1235 28,329 29,82 30,7 36,10 37,100 38,313 39,1660 40,159 41,259 42,19 43,20 44,19 49,55 50,791 51,1737 52,475 53,422 54,72 55,24 56,32 57,107 58,237 61,105 62,348 63,1159 64,1017 65,1292 66,117 67,31 73,48 74,330 75,333 76,285 77,1268 78,1312 79,222 80,22 82,113 85,41 86,78 87,117 88,51 89,393 90,97 91,4327 92,353 93,19 97,17 98,73 99,36 100,23 101,102 102,476 103,1117 104,9999 105,999 106,56 113,39 114,69 115,1356 116,644 117,1454 118,146 119,12 122,11 125,21 126,100 127,378 128,787 129,508 130,211 131,1466 132,5309 133,575 134,31"
"Indane, methyl-",aromatics,Cc1cccc2c1CCC2,"1H-Indene, 2,3-dihydro-4-methyl-",10,12,132,"26,190 27,901 28,110 29,70 37,70 38,230 39,1341 40,130 41,240 42,20 43,40 44,20 49,30 50,480 51,1181 52,300 53,360 54,30 55,50 56,10 57,50 58,80 59,10 61,40 62,260 63,751 64,861 65,961 66,100 67,60 68,30 69,10 70,10 71,20 74,190 75,200 76,150 77,721 78,280 79,170 80,20 81,30 82,10 83,10 85,20 86,60 87,70 88,30 89,230 90,40 91,1311 92,130 93,20 94,20 95,50 101,40 102,220 103,280 104,180 105,210 106,20 107,10 108,10 109,60 110,10 111,10 113,30 114,40 115,2012 116,961 117,9999 118,971 119,120 120,10 126,60 127,280 128,571 129,450 130,160 131,2262 132,3904 133,410 134,40 135,10"
"Benzene, ethenyl-dimethyl-",aromatics,C=Cc1cc(C)ccc1C,"Benzene, 2-ethenyl-1,4-dimethyl-",10,12,132,"14,14 15,135 16,36 17,11 18,51 26,122 27,740 28,59 29,72 31,29 32,15 37,48 38,220 39,1283 40,190 41,218 49,57 50,718 51,1566 52,416 53,509 54,35 55,48 56,35 57,304 59,40 61,87 62,380 63,1014 64,1054 65,1204 66,96 73,38 74,331 75,271 76,249 77,1173 78,526 79,365 80,48 85,45 86,83 87,116 88,76 89,486 90,38 91,3149 92,303 97,30 98,61 99,33 100,26 101,74 102,378 103,525 104,262 105,702 106,66 113,69 115,4636 116,2141 117,9999 118,1005 119,50 126,96 127,436 128,771 129,799 130,50 131,2815 132,6663 133,814 134,43"
"Benzene, (1-methylethenyl)-methyl-",aromatics,C=C(C)c1ccc(C)cc1,"Benzene, 1-methyl-4-(1-methylethenyl)-",10,12,132,"14,142 15,233 26,111 27,605 28,1123 32,366 37,89 38,361 39,2098 40,288 41,420 50,862 51,1616 52,407 53,428 58,270 61,173 62,634 63,1721 64,993 65,2288 66,203 74,410 75,473 76,376 77,1242 78,559 79,300 85,79 86,188 87,243 88,120 89,1105 90,79 91,5435 92,2307 93,165 98,77 101,138 102,552 103,467 104,357 105,385 115,6340 116,1908 117,9999 118,1064 126,81 127,263 128,561 129,469 130,81 131,1802 132,8071 133,939"
"Benzene, allyl-methyl-",aromatics,C=CCc1ccccc1C,"Benzene, 1-methyl-2-(2-propenyl)-",10,12,132,"26,20 27,290 28,20 29,20 37,20 38,80 39,731 40,60 41,140 49,10 50,240 51,691 52,180 53,240 54,30 55,20 57,50 58,100 61,40 62,140 63,510 64,581 65,921 66,60 67,10 73,10 74,110 75,110 76,90 77,911 78,360 79,380 80,40 85,20 86,40 87,50 88,20 89,280 90,60 91,2172 92,250 93,20 98,20 99,10 101,40 102,170 103,480 104,370 105,1201 106,110 113,20 114,30 115,2742 116,1061 117,9999 118,981 119,50 126,50 127,230 128,490 129,460 130,110 131,1872 132,6156 133,661 134,40"
"Benzene, (3-butenyl)-",aromatics,C=CCCc1ccccc1,"Benzene, 3-butenyl-",10,12,132,"15,10 26,20 27,169 28,30 29,10 37,20 38,50 39,519 40,30 41,159 50,139 51,349 52,90 53,70 54,30 57,20 61,10 62,60 63,199 64,60 65,899 66,50 73,10 74,50 75,40 76,40 77,239 78,179 79,60 86,10 87,10 89,129 90,50 91,9999 92,789 93,30 102,50 103,99 104,689 105,90 106,10 107,10 108,10 115,159 116,60 117,149 118,10 127,40 128,80 129,70 130,20 131,50 132,1799 133,199 134,10"
"Indene, methyl",aromatics,CC1=Cc2ccccc2C1,2-Methylindene,10,10,130,"26,31 27,213 28,314 29,14 37,54 38,152 39,702 40,26 41,35 42,1 43,4 44,3 49,42 50,530 51,1416 52,208 53,96 54,5 55,6 56,2 57,6 58,10 60,6 61,119 62,344 63,1057 64,1225 65,654 66,20 69,8 73,42 74,322 75,359 76,280 77,808 78,264 79,25 81,6 84,6 85,45 86,121 87,188 88,83 89,465 90,53 91,85 92,8 97,10 98,81 99,38 100,25 101,218 102,590 103,164 104,26 105,175 106,12 107,6 109,8 110,15 111,20 112,17 113,103 115,7620 116,678 117,34 121,7 122,15 123,10 124,12 125,83 126,358 127,1529 128,3380 129,7149 130,9999 131,982 132,57 134,20"
"Benzene, diethenyl-",aromatics,C=Cc1ccc(C=C)cc1,"Benzene, 1,4-diethenyl-",10,10,130,"26,60 27,210 37,40 38,110 39,510 40,30 41,40 49,50 50,660 51,1450 52,350 53,110 57,20 61,90 62,280 63,860 64,570 65,510 66,20 73,50 74,420 75,410 76,360 77,1250 78,630 79,60 85,30 86,80 87,110 88,40 89,290 90,40 91,180 92,10 97,10 98,110 99,40 100,20 101,170 102,810 103,890 104,510 105,50 113,40 114,70 115,3220 116,310 117,20 126,270 127,1620 128,3720 129,3400 130,9999 131,1160 132,50"
"Benzene, 1,3-butadienyl-",aromatics,C=CC=Cc1ccccc1,"Benzene, 1,3-butadienyl-",10,10,130,"39,5000 40,800 50,3100 51,5300 52,1300 62,800 63,2200 64,900 65,1200 74,900 75,700 76,900 77,2100 78,1200 89,800 91,800 102,1200 103,600 115,6300 127,2700 128,5700 129,9900 130,9999"
"Benzene, (1-methylene-2-propenyl)-",aromatics,C=CC(=C)c1ccccc1,"Benzene, (1-methylene-2-propenyl)-",10,10,130,"25,11 26,137 27,865 28,464 29,14 31,4 33,5 36,5 37,86 38,192 39,1106 40,58 41,147 42,9 43,17 44,79 45,13 46,16 47,19 48,20 49,102 50,1191 51,2887 52,747 53,270 54,15 55,16 58,19 60,13 61,134 62,395 63,1217 64,1219 65,793 66,48 67,17 68,26 69,128 70,14 72,7 73,74 74,515 75,535 76,682 77,2095 78,679 79,82 80,31 82,13 84,13 85,40 86,79 87,127 88,49 89,480 90,53 91,1652 92,127 93,3 97,11 98,80 99,36 100,27 101,240 102,1911 103,630 104,110 105,14 109,7 111,15 113,65 114,85 115,6630 116,672 117,183 118,42 119,4 120,3 121,6 122,18 123,40 124,77 125,281 126,445 127,2726 128,5484 129,9999 130,9340 131,1003 132,107"
"Indene, 1-methylene-",aromatics,C=C1C=Cc2ccccc21,"1H-Indene, 1-methylene-",10,8,128,"39,600 50,900 51,1900 52,300 62,300 63,1300 64,1000 74,600 75,700 76,600 77,700 78,700 87,200 89,200 101,400 102,1300 103,100 126,1100 127,1700 128,9999 129,1200"
Naphthalene,aromatics,c1ccc2ccccc2c1,Naphthalene,10,8,128,"26,10 27,30 28,10 37,30 38,50 39,139 49,20 50,279 51,719 52,80 53,10 61,70 62,129 63,459 64,679 65,10 73,20 74,269 75,319 76,239 77,339 78,229 79,10 85,20 86,50 87,80 88,10 89,50 97,10 98,70 99,40 100,40 101,209 102,609 103,60 113,10 125,30 126,519 127,1079 128,9999 129,1099 130,50"
"Naphthalene, methyl-",aromatics,Cc1cccc2ccccc12,"Naphthalene, 1-methyl-",11,10,142,"26,30 27,80 37,30 38,70 39,300 40,20 41,20 49,20 50,290 51,380 52,80 53,20 55,30 56,10 57,510 61,90 62,300 63,700 64,90 65,200 66,10 70,330 71,540 73,30 74,300 75,260 76,150 77,150 78,20 85,60 86,180 87,260 88,120 89,480 90,50 91,120 97,10 98,100 99,60 100,30 101,70 102,120 103,20 109,20 110,50 111,50 112,10 113,260 114,150 115,3790 116,390 117,20 122,10 125,10 126,160 127,70 128,10 137,50 138,70 139,1140 140,240 141,8629 142,9999 143,1140 144,60"
"Naphthalene, ethyl-",aromatics,CCc1cccc2ccccc12,"Naphthalene, 1-ethyl-",12,12,156,"12,7 13,16 14,102 15,362 16,9 25,5 26,148 27,508 28,263 29,58 30,5 36,4 37,32 38,115 39,505 40,50 41,61 42,30 43,46 44,25 47,12 48,4 49,19 50,363 51,615 52,109 53,46 54,6 55,24 56,24 57,41 58,48 61,67 62,255 63,752 64,292 65,148 66,12 67,8 68,14 69,76 70,99 71,101 72,4 73,44 74,311 75,426 76,735 77,497 78,117 83,4 85,35 86,107 87,179 88,71 89,228 90,24 91,104 92,10 96,24 97,21 98,131 99,89 100,51 101,148 102,220 103,44 104,6 105,6 109,14 110,30 111,37 112,14 113,124 114,90 115,1964 116,205 117,14 119,6 121,6 122,22 123,9 124,6 125,39 126,282 127,564 128,1031 129,338 130,52 133,30 134,18 135,17 136,4 137,29 138,56 139,624 140,214 141,9999 142,1205 143,73 147,16 149,21 150,95 151,225 152,607 153,537 154,204 155,467 156,4923 157,650 158,38"
"Naphthalene, dimethyl-",aromatics,Cc1cccc2c(C)cccc12,"Naphthalene, 1,5-dimethyl-",12,12,156,"15,10 26,10 27,109 28,10 37,10 38,50 39,249 40,20 41,20 49,10 50,159 51,389 52,60 53,40 55,10 57,119 58,10 61,40 62,139 63,459 64,379 65,109 69,80 70,209 71,30 73,10 74,139 75,169 76,589 77,749 78,299 79,10 85,20 86,60 87,90 88,40 89,139 90,10 91,60 98,40 99,30 100,10 101,50 102,109 103,40 109,10 110,20 111,20 113,60 114,60 115,1119 116,149 117,10 125,10 126,119 127,429 128,719 129,409 130,40 137,10 138,30 139,539 140,209 141,5829 142,889 143,60 149,10 150,60 151,199 152,709 153,959 154,379 155,2829 156,9999 157,1209 158,80"
"Naphthalene, ethenyl-",aromatics,C=Cc1ccc2ccccc2c1,"Naphthalene, 2-ethenyl-",12,10,154,"27,20 28,10 29,20 30,10 38,20 39,99 44,10 50,149 51,309 52,50 53,10 61,30 62,90 63,399 64,279 65,40 69,10 73,10 74,159 75,299 76,1029 77,539 78,60 85,10 86,50 87,80 88,20 89,99 90,10 98,60 99,50 100,40 101,159 102,229 103,40 110,10 111,10 113,40 114,10 115,349 116,30 122,10 125,40 126,349 127,479 128,849 129,479 130,40 137,10 138,10 139,229 140,30 149,20 150,299 151,949 152,3179 153,4979 154,9999 155,1319 156,109"
Acenaphthylene,aromatics,C1=Cc2cccc3cccc1c23,Acenaphthylene,12,8,152,"14,20 15,10 27,10 37,20 38,30 39,70 40,10 44,30 49,20 50,149 51,149 52,30 53,10 55,10 60,10 61,90 62,149 63,479 64,20 73,40 74,259 75,449 76,1019 77,99 78,30 84,10 85,40 86,90 87,109 88,20 89,10 97,20 98,129 99,119 100,70 101,60 102,90 109,20 110,30 111,40 112,10 113,20 120,10 121,10 122,40 123,20 124,20 125,109 126,279 127,40 128,10 149,70 150,889 151,1379 152,9999 153,1529 154,419 155,50"
"Naphthalene, propyl-",aromatics,CCCc1cccc2ccccc12,"Naphthalene, 1-propyl-",13,14,170,"26,42 27,259 28,450 29,93 38,40 39,260 41,100 42,12 43,32 45,30 50,156 51,248 52,60 53,23 60,18 61,22 62,140 63,358 64,68 65,167 69,21 70,29 74,171 75,192 76,266 77,120 78,44 80,10 82,71 83,36 85,12 86,47 87,156 88,62 89,192 90,28 91,146 94,28 98,44 99,10 100,23 101,87 102,146 103,18 110,27 111,26 113,62 114,43 115,1831 116,203 117,95 118,15 125,30 126,133 127,235 128,570 129,152 130,62 134,20 136,39 137,42 138,54 139,569 140,189 141,9999 142,1239 143,91 151,104 152,290 153,292 154,113 155,116 169,26 170,2612 171,343 172,16"
"Naphthalene, iso-propyl-",aromatics,CC(C)c1cccc2ccccc12,"Naphthalene, 1-(1-methylethyl)-",13,14,170,"26,238 27,2559 28,645 29,258 30,27 38,168 39,1465 40,184 41,731 42,168 43,238 44,35 45,172 49,31 50,567 51,1188 52,297 53,152 54,31 55,51 56,51 57,35 58,59 61,47 62,356 63,1278 64,270 65,399 66,51 67,47 68,23 69,113 70,74 71,129 73,47 74,539 75,907 76,840 77,1391 78,465 79,74 80,43 81,59 82,74 83,55 84,39 85,113 86,191 87,512 88,207 89,656 90,113 91,293 92,59 93,70 94,59 95,78 96,35 97,43 98,148 99,199 100,172 101,570 102,1047 103,305 104,250 105,86 110,59 111,98 112,55 113,297 114,160 115,3196 116,430 117,121 118,43 119,35 120,35 121,82 122,43 123,47 124,63 125,191 126,1293 127,2688 128,6221 129,2040 130,227 131,59 132,43 133,31 134,90 135,47 136,35 137,70 138,82 139,703 140,199 141,1500 142,371 143,109 144,55 145,63 146,59 147,254 148,82 149,125 150,305 151,684 152,1950 153,2426 154,1461 155,9999 156,1451 157,168 169,152 170,4029 171,766 172,59"
"Naphthalene, trimethyl-",aromatics,Cc1ccc2c(C)ccc(C)c2c1,"Naphthalene, 1,4,6-trimethyl-",13,14,170,"40,46 44,2 50,282 51,652 52,157 53,97 58,31 61,19 62,212 63,737 64,266 65,265 66,24 67,22 69,179 70,126 71,160 74,145 75,271 76,681 77,715 78,149 79,28 81,54 82,338 83,356 84,496 85,338 86,119 87,213 88,83 89,368 90,36 91,221 92,17 93,2 94,6 95,6 96,4 97,40 98,81 99,24 101,33 102,251 103,88 104,11 105,13 106,8 110,7 113,132 114,68 115,1791 116,210 117,18 118,14 121,1 122,21 123,20 124,4 125,32 126,244 127,742 128,1946 129,567 130,80 131,4 132,10 137,19 138,50 139,660 140,136 141,926 142,267 143,66 144,17 146,21 149,2 150,147 151,517 152,1946 153,2450 154,1112 155,9999 156,1293 157,98 158,18 162,7 163,59 164,105 165,510 166,120 167,265 168,110 169,1613 170,7307 171,1015 172,71"
"Naphthalene, (1-isopropenyl)-",aromatics,C=C(C)c1cccc2ccccc12,1-Isopropenylnaphthalene,13,12,168,"25,16 26,96 27,288 28,268 29,174 30,13 31,69 32,47 36,11 37,16 38,61 39,600 40,73 41,276 42,37 43,140 44,22 45,49 49,12 50,327 51,656 52,140 53,97 54,21 55,169 56,46 57,115 58,40 59,43 61,31 62,173 63,747 64,91 65,164 66,30 67,71 68,76 69,234 70,130 71,144 73,24 74,305 75,536 76,1001 77,829 78,186 79,149 80,57 81,245 82,852 83,1080 84,347 85,54 86,110 87,221 88,74 89,210 90,34 91,254 92,57 93,64 94,25 95,47 96,18 97,38 98,96 99,107 100,71 101,224 102,229 103,95 104,64 105,748 106,73 107,60 108,27 109,34 110,29 111,51 112,16 113,111 114,45 115,489 116,64 117,59 118,23 119,25 120,28 121,26 122,41 123,131 124,25 125,97 126,483 127,473 128,484 129,91 130,16 131,67 132,23 133,16 134,11 135,63 136,27 137,50 138,64 139,431 140,107 141,244 142,46 143,27 144,16 145,39 146,62 147,37 148,24 149,91 150,409 151,1193 152,4252 153,9999 154,1325 155,102 156,13 162,55 163,379 164,361 165,2065 166,593 167,3399 168,5751 169,790 170,60"
"Naphthalene, allyl-",aromatics,C=CCc1cccc2ccccc12,"Naphthalene, 1-(2-propenyl)-",13,12,168,"14,98 15,53 16,43 26,123 27,464 28,806 32,271 37,38 38,154 39,813 40,104 41,102 44,55 50,656 51,826 52,192 53,43 55,30 56,28 58,308 61,141 62,664 63,1718 64,185 65,370 66,32 70,469 71,157 74,844 75,938 76,1029 77,650 78,137 82,1383 83,1468 85,94 86,417 87,638 88,282 89,821 90,88 91,209 98,259 99,199 100,118 101,265 102,401 103,41 109,30 110,115 111,113 112,40 113,461 114,30 115,4306 116,441 122,42 125,80 126,672 127,659 128,898 129,111 137,152 138,174 139,1900 140,375 141,2340 142,313 150,273 151,956 152,5219 153,9999 154,1234 155,87 161,34 162,122 163,713 164,776 165,4608 166,1593 167,8544 168,9705 169,1335 170,75"
"Naphthalene, butyl-",aromatics,CCCCc1cccc2ccccc12,"Naphthalene, 1-butyl-",14,16,184,"25,4 26,37 27,295 29,140 30,3 33,21 34,4 35,6 36,2 37,9 38,34 39,358 40,24 41,157 42,20 43,30 45,7 46,4 47,7 48,6 49,7 50,119 51,271 52,58 53,47 54,10 55,126 56,27 57,11 58,17 59,6 60,2 61,15 62,96 63,442 64,80 65,154 66,17 67,7 68,9 69,36 70,40 71,27 73,14 74,122 75,223 76,370 77,304 78,60 79,10 82,169 83,125 84,11 85,7 86,47 87,98 88,87 89,259 90,34 91,154 92,38 93,97 94,96 95,43 96,11 97,7 98,31 99,30 100,21 101,107 102,126 103,27 104,15 105,17 106,16 108,136 109,82 110,67 111,35 112,26 113,102 114,91 115,2420 116,243 117,21 119,9 121,4 122,11 123,11 124,12 125,32 126,198 127,335 128,659 129,201 130,32 131,15 132,11 133,9 134,19 135,33 138,116 139,736 140,389 141,9999 142,4819 143,464 144,29 145,8 150,75 151,202 152,539 153,539 154,201 155,559 156,101 157,10 158,3 160,6 162,14 163,37 164,41 165,191 166,61 167,69 168,16 169,97 170,16 171,1 172,3 173,4 176,19 177,11 178,28 179,16 180,9 181,13 182,23 184,4064 185,616 186,49 187,6"
"Naphthalene, (iso-butyl)-",aromatics,CC(C)Cc1cccc2ccccc12,"Naphthalene, 1-(2-methylpropyl)-",14,16,184,"41,209 43,93 51,70 55,140 63,233 65,70 75,70 76,256 78,116 82,140 83,140 89,93 91,93 115,1000 116,93 126,140 127,163 128,326 129,163 139,442 140,233 141,9999 142,1884 143,256 151,93 152,256 153,256 154,140 155,163 165,256 166,186 167,186 184,2814 185,512"
"Naphthalene, (tert-butyl)-",aromatics,CC(C)(C)c1cccc2ccccc12,"Naphthalene, 1-(1,1-dimethylethyl)-",14,16,184,"36,6 37,25 38,84 39,818 40,145 41,1500 42,82 43,38 44,295 45,4 48,3 49,8 50,260 51,503 52,95 53,82 54,8 55,189 56,26 57,184 58,26 61,36 62,196 63,572 64,156 65,106 66,11 67,11 68,6 69,46 70,78 71,67 72,17 73,12 74,272 75,394 76,778 77,561 78,234 79,12 80,6 81,56 82,301 83,297 84,106 85,57 86,86 87,172 88,61 89,156 90,23 91,109 92,67 93,5 95,6 96,4 97,9 98,73 99,72 100,45 101,178 102,200 103,43 104,6 105,11 109,6 110,17 111,28 112,9 113,66 114,34 115,711 116,78 117,14 122,8 123,6 124,6 125,46 126,356 127,728 128,1720 129,1900 130,201 131,11 137,17 138,22 139,241 140,62 141,3390 142,506 143,61 144,6 149,14 150,124 151,378 152,1390 153,1180 154,633 155,163 156,22 162,11 163,92 164,78 165,539 166,138 167,300 168,116 169,9999 170,1440 171,98 172,6 176,11 177,6 178,17 179,11 180,3 181,9 182,11 183,22 184,3390 185,539 186,39"
"Naphthalene, (n-propyl)-methyl-",aromatics,CCCc1c(C)ccc2ccccc12,"Naphthalene, 2-methyl-1-propyl-",14,16,184,"39,300 40,30 41,100 42,10 43,30 44,10 45,20 50,110 51,270 52,60 53,60 55,10 56,10 57,10 58,10 61,10 62,80 63,290 64,100 65,90 66,10 69,30 70,40 71,20 73,10 74,80 75,140 76,240 77,280 78,60 79,10 81,20 82,100 83,100 84,10 85,10 86,50 87,100 88,70 89,180 90,20 91,70 92,20 98,30 99,30 100,20 101,60 102,110 103,50 104,10 105,10 110,10 111,20 112,10 113,70 114,60 115,1011 116,140 117,10 122,10 125,20 126,130 127,561 128,861 129,480 130,50 137,20 138,30 139,500 140,150 141,581 142,250 143,100 144,10 149,10 150,70 151,250 152,951 153,1191 154,601 155,9999 156,1411 157,100 158,10 161,20 162,10 163,60 164,50 165,390 166,110 167,190 168,110 169,130 170,30 171,20 176,20 177,10 178,40 179,20 180,10 181,20 182,20 183,40 184,2973 185,470 186,40"
"Naphthalene, (iso-propyl)-methyl-",aromatics,Cc1cccc2ccc(C(C)C)cc12,"Naphthalene, 1-methyl-7-(1-methylethyl)-",14,16,184,"15,20 18,20 27,99 28,20 29,10 38,10 39,219 40,10 41,259 42,10 43,20 50,80 51,209 52,40 53,30 55,10 57,80 58,10 61,10 62,70 63,299 64,139 65,109 69,129 70,99 71,30 74,80 75,129 76,309 77,439 78,159 79,10 81,70 82,239 83,229 84,279 85,40 86,40 87,80 88,50 89,179 90,30 91,119 92,90 98,30 99,20 100,10 101,30 102,80 103,20 105,10 110,10 111,10 113,70 114,40 115,889 116,99 117,10 125,10 126,90 127,209 128,709 129,389 130,40 137,20 138,20 139,439 140,109 141,1369 142,469 143,139 144,10 150,60 151,199 152,979 153,1419 154,2519 155,609 156,70 157,10 162,10 163,80 164,90 165,569 166,169 167,579 168,359 169,9999 170,1439 171,99 179,10 181,20 182,40 183,119 184,5789 185,889 186,60"
"Naphthalene, tetramethyl-",aromatics,Cc1ccc(C)c2c(C)ccc(C)c12,"1,4,5,8-Tetramethylnaphthalene",14,16,184,"26,10 27,159 28,40 29,30 38,20 39,309 40,30 41,149 45,10 46,50 50,99 51,319 52,70 53,80 55,10 57,50 58,10 62,60 63,289 64,129 65,109 69,80 70,80 71,40 74,60 75,119 76,409 77,439 78,139 79,20 81,70 82,309 83,329 84,60 85,10 86,20 87,50 88,70 89,299 90,149 91,269 92,299 98,20 99,10 101,20 102,60 103,30 105,10 113,30 114,10 115,409 116,50 117,10 126,50 127,149 128,499 129,249 130,20 139,169 140,30 141,539 142,199 143,119 144,20 150,50 151,209 152,999 153,1189 154,839 155,329 156,70 157,20 158,10 162,10 163,80 164,119 165,969 166,419 167,1009 168,399 169,6789 170,999 171,70 176,50 177,40 178,80 179,60 180,10 181,269 182,60 183,719 184,9999 185,1539 186,109"
Anthracene,aromatics,c1ccc2cc3ccccc3cc2c1,Anthracene,14,10,178,"27,20 28,10 38,30 39,109 50,129 51,129 52,30 61,40 62,129 63,289 64,20 65,20 69,20 73,10 74,219 75,299 76,619 77,80 78,10 83,50 85,30 86,99 87,169 88,439 89,759 90,10 98,119 99,90 100,50 101,50 102,60 110,40 111,50 113,60 114,20 115,50 122,40 123,20 124,20 125,50 126,149 127,60 128,80 137,30 138,30 139,209 140,80 149,70 150,419 151,629 152,689 153,80 163,50 164,20 174,129 175,199 176,1409 177,799 178,9999 179,1569 180,149 181,30"
"Anthracene, methyl-",aromatics,Cc1c2ccccc2cc2ccccc12,"Anthracene, 9-methyl-",15,12,192,"27,32 29,7 38,15 39,131 40,7 44,18 50,86 51,128 52,22 61,15 62,89 63,253 64,34 65,42 68,17 69,28 70,43 74,110 75,164 76,124 77,43 80,13 81,150 82,368 83,345 85,16 86,79 87,135 88,184 89,89 90,15 91,2 92,8 93,61 94,467 95,794 96,1337 97,19 98,63 99,41 100,17 101,16 102,22 110,31 111,34 113,44 114,21 115,115 122,16 125,18 126,56 127,25 128,21 137,44 138,27 139,158 140,21 141,15 149,21 150,129 151,103 152,235 153,30 160,14 161,38 162,68 163,319 164,160 165,797 166,121 174,41 175,52 176,196 177,39 178,15 180,53 181,14 186,83 187,401 188,362 189,2450 190,1124 191,5474 192,9999 193,1562 194,124"
"Anthracene, dimethyl-",aromatics,Cc1c2ccccc2c(C)c2ccccc12,"9,10-Dimethylanthracene",16,14,206,"14,31 15,22 16,11 26,21 27,168 28,198 29,6 32,56 38,44 39,213 40,21 41,17 44,30 50,209 51,365 52,72 53,24 57,4 61,31 62,189 63,487 64,56 65,65 66,4 67,22 68,14 70,86 74,290 75,466 76,755 77,462 78,76 79,5 82,172 83,591 85,34 86,163 87,368 88,792 89,1620 91,43 95,1076 98,149 99,161 100,480 101,1290 102,598 103,843 109,12 110,68 111,84 112,20 113,109 114,34 115,192 116,23 121,5 122,37 123,37 124,17 125,51 126,238 127,464 128,271 129,46 134,14 135,15 136,9 137,61 138,44 139,233 140,31 141,15 146,8 148,7 149,63 150,294 151,348 152,471 153,86 154,6 161,44 162,102 163,334 164,230 165,912 166,139 167,10 174,113 175,125 176,545 177,249 178,950 179,285 180,28 185,17 186,40 187,256 188,254 189,2040 190,1219 191,6751 192,984 193,74 198,28 199,58 200,390 201,363 202,1729 203,1466 204,1070 205,3198 206,9999 207,1701 208,126 209,8"
"Anthracene, ethyl-",aromatics,CCc1c2ccccc2cc2ccccc12,"Anthracene, 9-ethyl-",16,14,206,"27,66 28,14 29,6 38,15 39,118 40,3 50,73 51,128 52,26 62,83 63,225 64,31 65,37 69,14 70,15 74,111 75,210 76,414 77,86 81,48 82,77 83,88 86,66 87,154 88,481 89,1121 90,26 93,34 94,194 95,460 96,110 98,62 99,78 100,283 101,613 102,213 103,524 110,21 111,34 113,43 114,15 115,87 122,20 123,16 125,26 126,76 127,45 128,40 137,33 138,21 139,127 140,21 141,19 149,37 150,185 151,204 152,239 153,34 161,25 162,50 163,217 164,116 165,609 166,96 173,17 174,92 175,117 176,440 177,339 178,391 179,155 180,31 181,18 182,22 187,286 188,323 189,1969 190,728 191,9999 192,1589 193,148 194,17 198,32 199,58 200,247 201,203 202,733 203,517 204,244 205,279 206,6075 207,1065 208,105"
"Anthracene, ethenyl-",aromatics,C=Cc1c2ccccc2cc2ccccc12,"Anthracene, 9-ethenyl-",16,12,204,"14,29 15,17 26,24 27,30 28,6 29,17 38,43 39,229 40,14 44,1 50,198 51,255 52,68 61,52 62,229 63,437 64,40 65,38 67,59 68,22 74,331 75,539 76,535 77,89 81,60 85,53 86,194 87,585 88,1328 89,535 93,86 94,138 98,231 99,319 100,1383 101,3287 109,24 110,87 111,88 112,26 113,41 114,18 115,35 122,67 123,51 124,42 125,44 126,127 127,51 128,28 134,23 137,62 138,24 139,114 146,17 148,28 149,157 150,487 151,293 152,229 153,29 161,39 162,84 163,163 164,44 165,69 166,19 173,48 174,302 175,251 176,532 177,112 178,68 186,36 187,94 188,67 189,215 190,47 197,22 198,104 199,279 200,1477 201,1684 202,6646 203,9999 204,8263 205,1245 206,105"
Pyrene,aromatics,c1cc2ccc3cccc4ccc(c1)c2c34,Pyrene,16,10,202,"39,10 50,20 51,30 62,30 63,50 67,10 74,90 75,90 76,20 77,10 85,10 86,40 87,169 88,259 98,60 99,129 100,659 101,999 102,20 104,10 110,30 111,30 122,30 123,30 124,10 125,10 126,20 134,10 135,10 146,10 149,40 150,119 151,70 152,30 161,10 162,10 163,40 164,10 173,20 174,169 175,129 176,80 177,10 187,10 197,10 198,179 199,269 200,1529 201,1409 202,9999 203,1709 204,159"
